time,Daily Levels,Spillway Height
2011-01-01 00:00:00,43.26,45.86
2011-01-02 00:00:00,43.29,45.86
2011-01-03 00:00:00,43.29,45.86
2011-01-04 00:00:00,43.32,45.86
2011-01-05 00:00:00,43.33,45.86
2011-01-06 00:00:00,43.33,45.86
2011-01-07 00:00:00,43.34,45.86
2011-01-08 00:00:00,43.34,45.86
2011-01-09 00:00:00,43.36,45.86
2011-01-10 00:00:00,43.37,45.86
2011-01-11 00:00:00,43.43,45.86
2011-01-12 00:00:00,43.59,45.86
2011-01-13 00:00:00,43.648,45.86
2011-01-14 00:00:00,43.66,45.86
2011-01-15 00:00:00,43.678,45.86
2011-01-16 00:00:00,43.68,45.86
2011-01-17 00:00:00,43.76,45.86
2011-01-18 00:00:00,43.78,45.86
2011-01-19 00:00:00,43.79,45.86
2011-01-20 00:00:00,43.8,45.86
2011-01-21 00:00:00,43.81,45.86
2011-01-22 00:00:00,44.043,45.86
2011-01-23 00:00:00,44.282,45.86
2011-01-24 00:00:00,44.35,45.86
2011-01-25 00:00:00,44.38,45.86
2011-01-26 00:00:00,44.41,45.86
2011-01-27 00:00:00,44.42,45.86
2011-01-28 00:00:00,44.43,45.86
2011-01-29 00:00:00,44.45,45.86
2011-01-30 00:00:00,44.46,45.86
2011-01-31 00:00:00,44.46,45.86
2011-02-01 00:00:00,44.48,45.86
2011-02-02 00:00:00,44.49,45.86
2011-02-03 00:00:00,44.49,45.86
2011-02-04 00:00:00,44.5,45.86
2011-02-05 00:00:00,44.51,45.86
2011-02-06 00:00:00,44.52,45.86
2011-02-07 00:00:00,44.59,45.86
2011-02-08 00:00:00,44.67,45.86
2011-02-09 00:00:00,44.74,45.86
2011-02-10 00:00:00,44.75,45.86
2011-02-11 00:00:00,44.75,45.86
2011-02-12 00:00:00,44.76,45.86
2011-02-13 00:00:00,44.76,45.86
2011-02-14 00:00:00,44.825,45.86
2011-02-15 00:00:00,44.947,45.86
2011-02-16 00:00:00,45.63,45.86
2011-02-17 00:00:00,45.961,45.86
2011-02-18 00:00:00,46.28,45.86
2011-02-19 00:00:00,46.29,45.86
2011-02-20 00:00:00,46.15,45.86
2011-02-21 00:00:00,46.052,45.86
2011-02-22 00:00:00,45.98,45.86
2011-02-23 00:00:00,45.95,45.86
2011-02-24 00:00:00,45.94,45.86
2011-02-25 00:00:00,45.932,45.86
2011-02-26 00:00:00,45.95,45.86
2011-02-27 00:00:00,45.97,45.86
2011-02-28 00:00:00,45.95,45.86
2011-03-01 00:00:00,45.92,45.86
2011-03-02 00:00:00,45.89,45.86
2011-03-03 00:00:00,45.88,45.86
2011-03-04 00:00:00,45.897,45.86
2011-03-05 00:00:00,45.89,45.86
2011-03-06 00:00:00,45.89,45.86
2011-03-07 00:00:00,45.9,45.86
2011-03-08 00:00:00,45.89,45.86
2011-03-09 00:00:00,45.89,45.86
2011-03-10 00:00:00,45.89,45.86
2011-03-11 00:00:00,45.89,45.86
2011-03-12 00:00:00,45.89,45.86
2011-03-13 00:00:00,45.94,45.86
2011-03-14 00:00:00,45.94,45.86
2011-03-15 00:00:00,46.02,45.86
2011-03-16 00:00:00,46.03,45.86
2011-03-17 00:00:00,46.03,45.86
2011-03-18 00:00:00,45.98,45.86
2011-03-19 00:00:00,45.96,45.86
2011-03-20 00:00:00,45.94,45.86
2011-03-21 00:00:00,45.94,45.86
2011-03-22 00:00:00,45.92,45.86
2011-03-23 00:00:00,45.918,45.86
2011-03-24 00:00:00,45.91,45.86
2011-03-25 00:00:00,45.94,45.86
2011-03-26 00:00:00,45.942,45.86
2011-03-27 00:00:00,45.94,45.86
2011-03-28 00:00:00,45.92,45.86
2011-03-29 00:00:00,45.92,45.86
2011-03-30 00:00:00,45.92,45.86
2011-03-31 00:00:00,45.92,45.86
2011-04-01 00:00:00,45.98,45.86
2011-04-02 00:00:00,46.09,45.86
2011-04-03 00:00:00,46.14,45.86
2011-04-04 00:00:00,46.06,45.86
2011-04-05 00:00:00,46.006,45.86
2011-04-06 00:00:00,46.06,45.86
2011-04-07 00:00:00,46.08,45.86
2011-04-08 00:00:00,46.05,45.86
2011-04-09 00:00:00,45.99,45.86
2011-04-10 00:00:00,45.97,45.86
2011-04-11 00:00:00,45.95,45.86
2011-04-12 00:00:00,45.93,45.86
2011-04-13 00:00:00,45.91,45.86
2011-04-14 00:00:00,45.92,45.86
2011-04-15 00:00:00,45.92,45.86
2011-04-16 00:00:00,45.92,45.86
2011-04-17 00:00:00,45.91,45.86
2011-04-18 00:00:00,45.9,45.86
2011-04-19 00:00:00,45.88,45.86
2011-04-20 00:00:00,45.86,45.86
2011-04-21 00:00:00,45.86,45.86
2011-04-22 00:00:00,45.86,45.86
2011-04-23 00:00:00,45.86,45.86
2011-04-24 00:00:00,45.88,45.86
2011-04-25 00:00:00,45.87,45.86
2011-04-26 00:00:00,45.86,45.86
2011-04-27 00:00:00,45.855,45.86
2011-04-28 00:00:00,45.85,45.86
2011-04-29 00:00:00,45.84,45.86
2011-04-30 00:00:00,45.834,45.86
2011-05-01 00:00:00,45.83,45.86
2011-05-02 00:00:00,45.83,45.86
2011-05-03 00:00:00,45.82,45.86
2011-05-04 00:00:00,45.82,45.86
2011-05-05 00:00:00,45.81,45.86
2011-05-06 00:00:00,45.8,45.86
2011-05-07 00:00:00,45.795,45.86
2011-05-08 00:00:00,45.79,45.86
2011-05-09 00:00:00,45.79,45.86
2011-05-10 00:00:00,45.79,45.86
2011-05-11 00:00:00,45.77,45.86
2011-05-12 00:00:00,45.76,45.86
2011-05-13 00:00:00,45.75,45.86
2011-05-14 00:00:00,45.74,45.86
2011-05-15 00:00:00,45.72,45.86
2011-05-16 00:00:00,45.72,45.86
2011-05-17 00:00:00,45.71,45.86
2011-05-18 00:00:00,45.7,45.86
2011-05-19 00:00:00,45.7,45.86
2011-05-20 00:00:00,45.69,45.86
2011-05-21 00:00:00,45.69,45.86
2011-05-22 00:00:00,45.68,45.86
2011-05-23 00:00:00,45.68,45.86
2011-05-24 00:00:00,45.677,45.86
2011-05-25 00:00:00,45.67,45.86
2011-05-26 00:00:00,45.66,45.86
2011-05-27 00:00:00,45.64,45.86
2011-05-28 00:00:00,45.64,45.86
2011-05-29 00:00:00,45.63,45.86
2011-05-30 00:00:00,45.62,45.86
2011-05-31 00:00:00,45.62,45.86
2011-06-01 00:00:00,45.61,45.86
2011-06-02 00:00:00,45.6,45.86
2011-06-03 00:00:00,45.59,45.86
2011-06-04 00:00:00,45.58,45.86
2011-06-05 00:00:00,45.58,45.86
2011-06-06 00:00:00,45.57,45.86
2011-06-07 00:00:00,45.57,45.86
2011-06-08 00:00:00,45.56,45.86
2011-06-09 00:00:00,45.56,45.86
2011-06-10 00:00:00,45.55,45.86
2011-06-11 00:00:00,45.55,45.86
2011-06-12 00:00:00,45.53,45.86
2011-06-13 00:00:00,45.52,45.86
2011-06-14 00:00:00,45.51,45.86
2011-06-15 00:00:00,45.5,45.86
2011-06-16 00:00:00,45.49,45.86
2011-06-17 00:00:00,45.48,45.86
2011-06-18 00:00:00,45.47,45.86
2011-06-19 00:00:00,45.47,45.86
2011-06-20 00:00:00,45.462,45.86
2011-06-21 00:00:00,45.46,45.86
2011-06-22 00:00:00,45.45,45.86
2011-06-23 00:00:00,45.45,45.86
2011-06-24 00:00:00,45.44,45.86
2011-06-25 00:00:00,45.43,45.86
2011-06-26 00:00:00,45.42,45.86
2011-06-27 00:00:00,45.42,45.86
2011-06-28 00:00:00,45.42,45.86
2011-06-29 00:00:00,45.41,45.86
2011-06-30 00:00:00,45.4,45.86
2011-07-01 00:00:00,45.4,45.86
2011-07-02 00:00:00,45.39,45.86
2011-07-03 00:00:00,45.38,45.86
2011-07-04 00:00:00,45.38,45.86
2011-07-05 00:00:00,45.37,45.86
2011-07-06 00:00:00,45.36,45.86
2011-07-07 00:00:00,45.36,45.86
2011-07-08 00:00:00,45.355,45.86
2011-07-09 00:00:00,45.34,45.86
2011-07-10 00:00:00,45.33,45.86
2011-07-11 00:00:00,45.32,45.86
2011-07-12 00:00:00,45.31,45.86
2011-07-13 00:00:00,45.31,45.86
2011-07-14 00:00:00,45.3,45.86
2011-07-15 00:00:00,45.3,45.86
2011-07-16 00:00:00,45.29,45.86
2011-07-17 00:00:00,45.28,45.86
2011-07-18 00:00:00,45.28,45.86
2011-07-19 00:00:00,45.27,45.86
2011-07-20 00:00:00,45.26,45.86
2011-07-21 00:00:00,45.25,45.86
2011-07-22 00:00:00,45.25,45.86
2011-07-23 00:00:00,45.24,45.86
2011-07-24 00:00:00,45.23,45.86
2011-07-25 00:00:00,45.22,45.86
2011-07-26 00:00:00,45.22,45.86
2011-07-27 00:00:00,45.21,45.86
2011-07-28 00:00:00,45.2,45.86
2011-07-29 00:00:00,45.19,45.86
2011-07-30 00:00:00,45.19,45.86
2011-07-31 00:00:00,45.18,45.86
2011-08-01 00:00:00,45.172,45.86
2011-08-02 00:00:00,45.17,45.86
2011-08-03 00:00:00,45.16,45.86
2011-08-04 00:00:00,45.15,45.86
2011-08-05 00:00:00,45.14,45.86
2011-08-06 00:00:00,45.13,45.86
2011-08-07 00:00:00,45.13,45.86
2011-08-08 00:00:00,45.12,45.86
2011-08-09 00:00:00,45.11,45.86
2011-08-10 00:00:00,45.11,45.86
2011-08-11 00:00:00,45.1,45.86
2011-08-12 00:00:00,45.09,45.86
2011-08-13 00:00:00,45.09,45.86
2011-08-14 00:00:00,45.08,45.86
2011-08-15 00:00:00,45.07,45.86
2011-08-16 00:00:00,45.06,45.86
2011-08-17 00:00:00,45.05,45.86
2011-08-18 00:00:00,45.05,45.86
2011-08-19 00:00:00,45.04,45.86
2011-08-20 00:00:00,45.03,45.86
2011-08-21 00:00:00,45.02,45.86
2011-08-22 00:00:00,45.01,45.86
2011-08-23 00:00:00,45,45.86
2011-08-24 00:00:00,44.99,45.86
2011-08-25 00:00:00,44.97,45.86
2011-08-26 00:00:00,44.97,45.86
2011-08-27 00:00:00,44.96,45.86
2011-08-28 00:00:00,44.95,45.86
2011-08-29 00:00:00,44.94,45.86
2011-08-30 00:00:00,44.93,45.86
2011-08-31 00:00:00,44.92,45.86
2011-09-01 00:00:00,44.92,45.86
2011-09-02 00:00:00,44.91,45.86
2011-09-03 00:00:00,44.904,45.86
2011-09-04 00:00:00,44.89,45.86
2011-09-05 00:00:00,44.89,45.86
2011-09-06 00:00:00,44.88,45.86
2011-09-07 00:00:00,44.83,45.86
2011-09-08 00:00:00,44.82,45.86
2011-09-09 00:00:00,44.81,45.86
2011-09-10 00:00:00,44.81,45.86
2011-09-11 00:00:00,44.79,45.86
2011-09-12 00:00:00,44.78,45.86
2011-09-13 00:00:00,44.76,45.86
2011-09-14 00:00:00,44.75,45.86
2011-09-15 00:00:00,44.74,45.86
2011-09-16 00:00:00,44.73,45.86
2011-09-17 00:00:00,44.72,45.86
2011-09-18 00:00:00,44.71,45.86
2011-09-19 00:00:00,44.71,45.86
2011-09-20 00:00:00,44.7,45.86
2011-09-21 00:00:00,44.69,45.86
2011-09-22 00:00:00,44.681,45.86
2011-09-23 00:00:00,44.68,45.86
2011-09-24 00:00:00,44.67,45.86
2011-09-25 00:00:00,44.66,45.86
2011-09-26 00:00:00,44.65,45.86
2011-09-27 00:00:00,44.64,45.86
2011-09-28 00:00:00,44.63,45.86
2011-09-29 00:00:00,44.625,45.86
2011-09-30 00:00:00,44.62,45.86
2011-10-01 00:00:00,44.61,45.86
2011-10-02 00:00:00,44.6,45.86
2011-10-03 00:00:00,44.59,45.86
2011-10-04 00:00:00,44.58,45.86
2011-10-05 00:00:00,44.58,45.86
2011-10-06 00:00:00,44.57,45.86
2011-10-07 00:00:00,44.56,45.86
2011-10-08 00:00:00,44.55,45.86
2011-10-09 00:00:00,44.54,45.86
2011-10-10 00:00:00,44.53,45.86
2011-10-11 00:00:00,44.53,45.86
2011-10-12 00:00:00,44.52,45.86
2011-10-13 00:00:00,44.51,45.86
2011-10-14 00:00:00,44.5,45.86
2011-10-15 00:00:00,44.48,45.86
2011-10-16 00:00:00,44.477,45.86
2011-10-17 00:00:00,44.47,45.86
2011-10-18 00:00:00,44.46,45.86
2011-10-19 00:00:00,44.45,45.86
2011-10-20 00:00:00,44.44,45.86
2011-10-21 00:00:00,44.43,45.86
2011-10-22 00:00:00,44.42,45.86
2011-10-23 00:00:00,44.42,45.86
2011-10-24 00:00:00,44.41,45.86
2011-10-25 00:00:00,44.45,45.86
2011-10-26 00:00:00,44.45,45.86
2011-10-27 00:00:00,44.445,45.86
2011-10-28 00:00:00,44.44,45.86
2011-10-29 00:00:00,44.507,45.86
2011-10-30 00:00:00,44.5,45.86
2011-10-31 00:00:00,44.49,45.86
2011-11-01 00:00:00,44.48,45.86
2011-11-02 00:00:00,44.48,45.86
2011-11-03 00:00:00,44.47,45.86
2011-11-04 00:00:00,44.47,45.86
2011-11-05 00:00:00,44.46,45.86
2011-11-06 00:00:00,44.45,45.86
2011-11-07 00:00:00,44.44,45.86
2011-11-08 00:00:00,44.43,45.86
2011-11-09 00:00:00,44.47,45.86
2011-11-10 00:00:00,44.468,45.86
2011-11-11 00:00:00,44.46,45.86
2011-11-12 00:00:00,44.45,45.86
2011-11-13 00:00:00,44.45,45.86
2011-11-14 00:00:00,44.44,45.86
2011-11-15 00:00:00,44.47,45.86
2011-11-16 00:00:00,44.47,45.86
2011-11-17 00:00:00,44.46,45.86
2011-11-18 00:00:00,44.465,45.86
2011-11-19 00:00:00,44.46,45.86
2011-11-20 00:00:00,44.52,45.86
2011-11-21 00:00:00,44.52,45.86
2011-11-22 00:00:00,44.53,45.86
2011-11-23 00:00:00,44.53,45.86
2011-11-24 00:00:00,44.52,45.86
2011-11-25 00:00:00,44.53,45.86
2011-11-26 00:00:00,44.52,45.86
2011-11-27 00:00:00,44.51,45.86
2011-11-28 00:00:00,44.5,45.86
2011-11-29 00:00:00,44.5,45.86
2011-11-30 00:00:00,44.49,45.86
2011-12-01 00:00:00,44.48,45.86
2011-12-02 00:00:00,44.51,45.86
2011-12-03 00:00:00,44.507,45.86
2011-12-04 00:00:00,44.518,45.86
2011-12-05 00:00:00,44.51,45.86
2011-12-06 00:00:00,44.5,45.86
2011-12-07 00:00:00,44.49,45.86
2011-12-08 00:00:00,44.49,45.86
2011-12-09 00:00:00,44.48,45.86
2011-12-10 00:00:00,44.47,45.86
2011-12-11 00:00:00,44.47,45.86
2011-12-12 00:00:00,44.46,45.86
2011-12-13 00:00:00,44.46,45.86
2011-12-14 00:00:00,44.46,45.86
2011-12-15 00:00:00,44.45,45.86
2011-12-16 00:00:00,44.45,45.86
2011-12-17 00:00:00,44.44,45.86
2011-12-18 00:00:00,44.44,45.86
2011-12-19 00:00:00,44.45,45.86
2011-12-20 00:00:00,44.47,45.86
2011-12-21 00:00:00,44.485,45.86
2011-12-22 00:00:00,44.5,45.86
2011-12-23 00:00:00,44.5,45.86
2011-12-24 00:00:00,44.51,45.86
2011-12-25 00:00:00,44.51,45.86
2011-12-26 00:00:00,44.513,45.86
2011-12-27 00:00:00,44.52,45.86
2011-12-28 00:00:00,44.52,45.86
2011-12-29 00:00:00,44.518,45.86
2011-12-30 00:00:00,44.51,45.86
2011-12-31 00:00:00,44.53,45.86
2012-01-01 00:00:00,44.52,45.86
2012-01-02 00:00:00,44.517,45.86
2012-01-03 00:00:00,44.513,45.86
2012-01-04 00:00:00,44.51,45.86
2012-01-05 00:00:00,44.5,45.86
2012-01-06 00:00:00,44.49,45.86
2012-01-07 00:00:00,44.48,45.86
2012-01-08 00:00:00,44.49,45.86
2012-01-09 00:00:00,44.48,45.86
2012-01-10 00:00:00,44.47,45.86
2012-01-11 00:00:00,44.46,45.86
2012-01-12 00:00:00,44.46,45.86
2012-01-13 00:00:00,44.45,45.86
2012-01-14 00:00:00,44.48,45.86
2012-01-15 00:00:00,44.48,45.86
2012-01-16 00:00:00,44.47,45.86
2012-01-17 00:00:00,44.47,45.86
2012-01-18 00:00:00,44.47,45.86
2012-01-19 00:00:00,44.48,45.86
2012-01-20 00:00:00,44.49,45.86
2012-01-21 00:00:00,44.5,45.86
2012-01-22 00:00:00,44.54,45.86
2012-01-23 00:00:00,44.58,45.86
2012-01-24 00:00:00,44.6,45.86
2012-01-25 00:00:00,44.726,45.86
2012-01-26 00:00:00,44.829,45.86
2012-01-27 00:00:00,44.85,45.86
2012-01-28 00:00:00,44.86,45.86
2012-01-29 00:00:00,44.89,45.86
2012-01-30 00:00:00,44.95,45.86
2012-01-31 00:00:00,45,45.86
2012-02-01 00:00:00,45.27,45.86
2012-02-02 00:00:00,45.36,45.86
2012-02-03 00:00:00,45.39,45.86
2012-02-04 00:00:00,45.42,45.86
2012-02-05 00:00:00,45.42,45.86
2012-02-06 00:00:00,45.42,45.86
2012-02-07 00:00:00,45.42,45.86
2012-02-08 00:00:00,45.43,45.86
2012-02-09 00:00:00,45.43,45.86
2012-02-10 00:00:00,45.43,45.86
2012-02-11 00:00:00,45.43,45.86
2012-02-12 00:00:00,45.43,45.86
2012-02-13 00:00:00,45.42,45.86
2012-02-14 00:00:00,45.42,45.86
2012-02-15 00:00:00,45.41,45.86
2012-02-16 00:00:00,45.41,45.86
2012-02-17 00:00:00,45.4,45.86
2012-02-18 00:00:00,45.4,45.86
2012-02-19 00:00:00,45.41,45.86
2012-02-20 00:00:00,45.47,45.86
2012-02-21 00:00:00,45.47,45.86
2012-02-22 00:00:00,45.49,45.86
2012-02-23 00:00:00,45.52,45.86
2012-02-24 00:00:00,45.53,45.86
2012-02-25 00:00:00,45.55,45.86
2012-02-26 00:00:00,45.57,45.86
2012-02-27 00:00:00,45.58,45.86
2012-02-28 00:00:00,45.59,45.86
2012-02-29 00:00:00,45.59,45.86
2012-03-01 00:00:00,45.61,45.86
2012-03-02 00:00:00,45.62,45.86
2012-03-03 00:00:00,45.65,45.86
2012-03-04 00:00:00,45.68,45.86
2012-03-05 00:00:00,45.7,45.86
2012-03-06 00:00:00,45.72,45.86
2012-03-07 00:00:00,45.72,45.86
2012-03-08 00:00:00,45.79,45.86
2012-03-09 00:00:00,45.81,45.86
2012-03-10 00:00:00,45.82,45.86
2012-03-11 00:00:00,45.83,45.86
2012-03-12 00:00:00,45.83,45.86
2012-03-13 00:00:00,45.84,45.86
2012-03-14 00:00:00,45.86,45.86
2012-03-15 00:00:00,46.18,45.86
2012-03-16 00:00:00,46.18,45.86
2012-03-17 00:00:00,46.227,45.86
2012-03-18 00:00:00,46.13,45.86
2012-03-19 00:00:00,46.05,45.86
2012-03-20 00:00:00,46,45.86
2012-03-21 00:00:00,45.97,45.86
2012-03-22 00:00:00,45.95,45.86
2012-03-23 00:00:00,45.94,45.86
2012-03-24 00:00:00,45.92,45.86
2012-03-25 00:00:00,45.92,45.86
2012-03-26 00:00:00,45.9,45.86
2012-03-27 00:00:00,45.89,45.86
2012-03-28 00:00:00,45.88,45.86
2012-03-29 00:00:00,45.9,45.86
2012-03-30 00:00:00,45.89,45.86
2012-03-31 00:00:00,45.89,45.86
2012-04-01 00:00:00,45.88,45.86
2012-04-02 00:00:00,45.87,45.86
2012-04-03 00:00:00,45.86,45.86
2012-04-04 00:00:00,45.86,45.86
2012-04-05 00:00:00,45.85,45.86
2012-04-06 00:00:00,45.85,45.86
2012-04-07 00:00:00,45.84,45.86
2012-04-08 00:00:00,45.84,45.86
2012-04-09 00:00:00,45.83,45.86
2012-04-10 00:00:00,45.83,45.86
2012-04-11 00:00:00,45.82,45.86
2012-04-12 00:00:00,45.8,45.86
2012-04-13 00:00:00,45.8,45.86
2012-04-14 00:00:00,45.78,45.86
2012-04-15 00:00:00,45.77,45.86
2012-04-16 00:00:00,45.76,45.86
2012-04-17 00:00:00,45.76,45.86
2012-04-18 00:00:00,45.75,45.86
2012-04-19 00:00:00,45.74,45.86
2012-04-20 00:00:00,45.74,45.86
2012-04-21 00:00:00,45.73,45.86
2012-04-22 00:00:00,45.72,45.86
2012-04-23 00:00:00,45.72,45.86
2012-04-24 00:00:00,45.73,45.86
2012-04-25 00:00:00,45.73,45.86
2012-04-26 00:00:00,45.72,45.86
2012-04-27 00:00:00,45.7,45.86
2012-04-28 00:00:00,45.69,45.86
2012-04-29 00:00:00,45.681,45.86
2012-04-30 00:00:00,45.67,45.86
2012-05-01 00:00:00,45.67,45.86
2012-05-02 00:00:00,45.66,45.86
2012-05-03 00:00:00,45.675,45.86
2012-05-04 00:00:00,45.67,45.86
2012-05-05 00:00:00,45.66,45.86
2012-05-06 00:00:00,45.66,45.86
2012-05-07 00:00:00,45.65,45.86
2012-05-08 00:00:00,45.64,45.86
2012-05-09 00:00:00,45.64,45.86
2012-05-10 00:00:00,45.63,45.86
2012-05-11 00:00:00,45.63,45.86
2012-05-12 00:00:00,45.63,45.86
2012-05-13 00:00:00,45.62,45.86
2012-05-14 00:00:00,45.61,45.86
2012-05-15 00:00:00,45.61,45.86
2012-05-16 00:00:00,45.59,45.86
2012-05-17 00:00:00,45.58,45.86
2012-05-18 00:00:00,45.57,45.86
2012-05-19 00:00:00,45.57,45.86
2012-05-20 00:00:00,45.55,45.86
2012-05-21 00:00:00,45.55,45.86
2012-05-22 00:00:00,45.54,45.86
2012-05-23 00:00:00,45.53,45.86
2012-05-24 00:00:00,45.53,45.86
2012-05-25 00:00:00,45.52,45.86
2012-05-26 00:00:00,45.51,45.86
2012-05-27 00:00:00,45.49,45.86
2012-05-28 00:00:00,45.48,45.86
2012-05-29 00:00:00,45.47,45.86
2012-05-30 00:00:00,45.46,45.86
2012-05-31 00:00:00,45.45,45.86
2012-06-01 00:00:00,45.44,45.86
2012-06-02 00:00:00,45.43,45.86
2012-06-03 00:00:00,45.43,45.86
2012-06-04 00:00:00,45.42,45.86
2012-06-05 00:00:00,45.415,45.86
2012-06-06 00:00:00,45.41,45.86
2012-06-07 00:00:00,45.4,45.86
2012-06-08 00:00:00,45.39,45.86
2012-06-09 00:00:00,45.38,45.86
2012-06-10 00:00:00,45.37,45.86
2012-06-11 00:00:00,45.36,45.86
2012-06-12 00:00:00,45.36,45.86
2012-06-13 00:00:00,45.35,45.86
2012-06-14 00:00:00,45.35,45.86
2012-06-15 00:00:00,45.34,45.86
2012-06-16 00:00:00,45.34,45.86
2012-06-17 00:00:00,45.33,45.86
2012-06-18 00:00:00,45.32,45.86
2012-06-19 00:00:00,45.32,45.86
2012-06-20 00:00:00,45.31,45.86
2012-06-21 00:00:00,45.3,45.86
2012-06-22 00:00:00,45.3,45.86
2012-06-23 00:00:00,45.29,45.86
2012-06-24 00:00:00,45.28,45.86
2012-06-25 00:00:00,45.27,45.86
2012-06-26 00:00:00,45.25,45.86
2012-06-27 00:00:00,45.25,45.86
2012-06-28 00:00:00,45.24,45.86
2012-06-29 00:00:00,45.231,45.86
2012-06-30 00:00:00,45.23,45.86
2012-07-01 00:00:00,45.22,45.86
2012-07-02 00:00:00,45.21,45.86
2012-07-03 00:00:00,45.2,45.86
2012-07-04 00:00:00,45.19,45.86
2012-07-05 00:00:00,45.18,45.86
2012-07-06 00:00:00,45.17,45.86
2012-07-07 00:00:00,45.16,45.86
2012-07-08 00:00:00,45.15,45.86
2012-07-09 00:00:00,45.14,45.86
2012-07-10 00:00:00,45.14,45.86
2012-07-11 00:00:00,45.135,45.86
2012-07-12 00:00:00,45.13,45.86
2012-07-13 00:00:00,45.12,45.86
2012-07-14 00:00:00,45.12,45.86
2012-07-15 00:00:00,45.11,45.86
2012-07-16 00:00:00,45.11,45.86
2012-07-17 00:00:00,45.09,45.86
2012-07-18 00:00:00,45.09,45.86
2012-07-19 00:00:00,45.08,45.86
2012-07-20 00:00:00,45.07,45.86
2012-07-21 00:00:00,45.06,45.86
2012-07-22 00:00:00,45.05,45.86
2012-07-23 00:00:00,45.04,45.86
2012-07-24 00:00:00,45.03,45.86
2012-07-25 00:00:00,45.03,45.86
2012-07-26 00:00:00,45.02,45.86
2012-07-27 00:00:00,45.011,45.86
2012-07-28 00:00:00,45.01,45.86
2012-07-29 00:00:00,45,45.86
2012-07-30 00:00:00,44.99,45.86
2012-07-31 00:00:00,44.98,45.86
2012-08-01 00:00:00,44.97,45.86
2012-08-02 00:00:00,44.96,45.86
2012-08-03 00:00:00,44.95,45.86
2012-08-04 00:00:00,44.94,45.86
2012-08-05 00:00:00,44.94,45.86
2012-08-06 00:00:00,44.93,45.86
2012-08-07 00:00:00,44.92,45.86
2012-08-08 00:00:00,44.92,45.86
2012-08-09 00:00:00,44.91,45.86
2012-08-10 00:00:00,44.9,45.86
2012-08-11 00:00:00,44.89,45.86
2012-08-12 00:00:00,44.89,45.86
2012-08-13 00:00:00,44.87,45.86
2012-08-14 00:00:00,44.86,45.86
2012-08-15 00:00:00,44.86,45.86
2012-08-16 00:00:00,44.84,45.86
2012-08-17 00:00:00,44.85,45.86
2012-08-18 00:00:00,44.84,45.86
2012-08-19 00:00:00,44.83,45.86
2012-08-20 00:00:00,44.83,45.86
2012-08-21 00:00:00,44.82,45.86
2012-08-22 00:00:00,44.81,45.86
2012-08-23 00:00:00,44.8,45.86
2012-08-24 00:00:00,44.8,45.86
2012-08-25 00:00:00,44.79,45.86
2012-08-26 00:00:00,44.78,45.86
2012-08-27 00:00:00,44.78,45.86
2012-08-28 00:00:00,44.76,45.86
2012-08-29 00:00:00,44.76,45.86
2012-08-30 00:00:00,44.753,45.86
2012-08-31 00:00:00,44.739,45.86
2012-09-01 00:00:00,44.738,45.86
2012-09-02 00:00:00,44.725,45.86
2012-09-03 00:00:00,44.708,45.86
2012-09-04 00:00:00,44.7,45.86
2012-09-05 00:00:00,44.7,45.86
2012-09-06 00:00:00,44.682,45.86
2012-09-07 00:00:00,44.677,45.86
2012-09-08 00:00:00,44.674,45.86
2012-09-09 00:00:00,44.669,45.86
2012-09-10 00:00:00,44.653,45.86
2012-09-11 00:00:00,44.637,45.86
2012-09-12 00:00:00,44.636,45.86
2012-09-13 00:00:00,44.627,45.86
2012-09-14 00:00:00,44.62,45.86
2012-09-15 00:00:00,44.61,45.86
2012-09-16 00:00:00,44.6,45.86
2012-09-17 00:00:00,44.59,45.86
2012-09-18 00:00:00,44.58,45.86
2012-09-19 00:00:00,44.578,45.86
2012-09-20 00:00:00,44.57,45.86
2012-09-21 00:00:00,44.56,45.86
2012-09-22 00:00:00,44.54,45.86
2012-09-23 00:00:00,44.53,45.86
2012-09-24 00:00:00,44.53,45.86
2012-09-25 00:00:00,44.52,45.86
2012-09-26 00:00:00,44.51,45.86
2012-09-27 00:00:00,44.49,45.86
2012-09-28 00:00:00,44.48,45.86
2012-09-29 00:00:00,44.47,45.86
2012-09-30 00:00:00,44.47,45.86
2012-10-01 00:00:00,44.52,45.86
2012-10-02 00:00:00,44.52,45.86
2012-10-03 00:00:00,44.51,45.86
2012-10-04 00:00:00,44.49,45.86
2012-10-05 00:00:00,44.49,45.86
2012-10-06 00:00:00,44.48,45.86
2012-10-07 00:00:00,44.47,45.86
2012-10-08 00:00:00,44.46,45.86
2012-10-09 00:00:00,44.45,45.86
2012-10-10 00:00:00,44.44,45.86
2012-10-11 00:00:00,44.43,45.86
2012-10-12 00:00:00,44.422,45.86
2012-10-13 00:00:00,44.41,45.86
2012-10-14 00:00:00,44.4,45.86
2012-10-15 00:00:00,44.38,45.86
2012-10-16 00:00:00,44.38,45.86
2012-10-17 00:00:00,44.38,45.86
2012-10-18 00:00:00,44.37,45.86
2012-10-19 00:00:00,44.36,45.86
2012-10-20 00:00:00,44.35,45.86
2012-10-21 00:00:00,44.34,45.86
2012-10-22 00:00:00,44.33,45.86
2012-10-23 00:00:00,44.32,45.86
2012-10-24 00:00:00,44.31,45.86
2012-10-25 00:00:00,44.3,45.86
2012-10-26 00:00:00,44.29,45.86
2012-10-27 00:00:00,44.29,45.86
2012-10-28 00:00:00,44.29,45.86
2012-10-29 00:00:00,44.27,45.86
2012-10-30 00:00:00,44.26,45.86
2012-10-31 00:00:00,44.26,45.86
2012-11-01 00:00:00,44.25,45.86
2012-11-02 00:00:00,44.238,45.86
2012-11-03 00:00:00,44.23,45.86
2012-11-04 00:00:00,44.23,45.86
2012-11-05 00:00:00,44.22,45.86
2012-11-06 00:00:00,44.2,45.86
2012-11-07 00:00:00,44.2,45.86
2012-11-08 00:00:00,44.19,45.86
2012-11-09 00:00:00,44.22,45.86
2012-11-10 00:00:00,44.21,45.86
2012-11-11 00:00:00,44.21,45.86
2012-11-12 00:00:00,44.2,45.86
2012-11-13 00:00:00,44.2,45.86
2012-11-14 00:00:00,44.19,45.86
2012-11-15 00:00:00,44.19,45.86
2012-11-16 00:00:00,44.18,45.86
2012-11-17 00:00:00,44.18,45.86
2012-11-18 00:00:00,44.17,45.86
2012-11-19 00:00:00,44.16,45.86
2012-11-20 00:00:00,44.16,45.86
2012-11-21 00:00:00,44.15,45.86
2012-11-22 00:00:00,44.15,45.86
2012-11-23 00:00:00,44.15,45.86
2012-11-24 00:00:00,44.14,45.86
2012-11-25 00:00:00,44.18,45.86
2012-11-26 00:00:00,44.17,45.86
2012-11-27 00:00:00,44.16,45.86
2012-11-28 00:00:00,44.15,45.86
2012-11-29 00:00:00,44.14,45.86
2012-11-30 00:00:00,44.17,45.86
2012-12-01 00:00:00,44.17,45.86
2012-12-02 00:00:00,44.17,45.86
2012-12-03 00:00:00,44.16,45.86
2012-12-04 00:00:00,44.15,45.86
2012-12-05 00:00:00,44.14,45.86
2012-12-06 00:00:00,44.14,45.86
2012-12-07 00:00:00,44.14,45.86
2012-12-08 00:00:00,44.13,45.86
2012-12-09 00:00:00,44.145,45.86
2012-12-10 00:00:00,44.16,45.86
2012-12-11 00:00:00,44.15,45.86
2012-12-12 00:00:00,44.14,45.86
2012-12-13 00:00:00,44.14,45.86
2012-12-14 00:00:00,44.13,45.86
2012-12-15 00:00:00,44.121,45.86
2012-12-16 00:00:00,44.12,45.86
2012-12-17 00:00:00,44.13,45.86
2012-12-18 00:00:00,44.12,45.86
2012-12-19 00:00:00,44.12,45.86
2012-12-20 00:00:00,44.11,45.86
2012-12-21 00:00:00,44.1,45.86
2012-12-22 00:00:00,44.1,45.86
2012-12-23 00:00:00,44.09,45.86
2012-12-24 00:00:00,44.09,45.86
2012-12-25 00:00:00,44.08,45.86
2012-12-26 00:00:00,44.07,45.86
2012-12-27 00:00:00,44.07,45.86
2012-12-28 00:00:00,44.07,45.86
2012-12-29 00:00:00,44.072,45.86
2012-12-30 00:00:00,44.07,45.86
2012-12-31 00:00:00,44.06,45.86
2013-01-01 00:00:00,44.053,45.86
2013-01-02 00:00:00,44.04,45.86
2013-01-03 00:00:00,44.05,45.86
2013-01-04 00:00:00,44.04,45.86
2013-01-05 00:00:00,44.03,45.86
2013-01-06 00:00:00,44.03,45.86
2013-01-07 00:00:00,44.02,45.86
2013-01-08 00:00:00,44.01,45.86
2013-01-09 00:00:00,44,45.86
2013-01-10 00:00:00,43.99,45.86
2013-01-11 00:00:00,43.98,45.86
2013-01-12 00:00:00,43.98,45.86
2013-01-13 00:00:00,44.01,45.86
2013-01-14 00:00:00,44.02,45.86
2013-01-15 00:00:00,44.02,45.86
2013-01-16 00:00:00,44.02,45.86
2013-01-17 00:00:00,44.021,45.86
2013-01-18 00:00:00,44.02,45.86
2013-01-19 00:00:00,44.07,45.86
2013-01-20 00:00:00,44.08,45.86
2013-01-21 00:00:00,44.09,45.86
2013-01-22 00:00:00,44.09,45.86
2013-01-23 00:00:00,44.08,45.86
2013-01-24 00:00:00,44.076,45.86
2013-01-25 00:00:00,44.07,45.86
2013-01-26 00:00:00,44.06,45.86
2013-01-27 00:00:00,44.06,45.86
2013-01-28 00:00:00,44.06,45.86
2013-01-29 00:00:00,44.06,45.86
2013-01-30 00:00:00,44.05,45.86
2013-01-31 00:00:00,44.05,45.86
2013-02-01 00:00:00,44.07,45.86
2013-02-02 00:00:00,44.06,45.86
2013-02-03 00:00:00,44.06,45.86
2013-02-04 00:00:00,44.05,45.86
2013-02-05 00:00:00,44.05,45.86
2013-02-06 00:00:00,44.04,45.86
2013-02-07 00:00:00,44.03,45.86
2013-02-08 00:00:00,44.02,45.86
2013-02-09 00:00:00,44.02,45.86
2013-02-10 00:00:00,44.02,45.86
2013-02-11 00:00:00,44.03,45.86
2013-02-12 00:00:00,44.02,45.86
2013-02-13 00:00:00,44.06,45.86
2013-02-14 00:00:00,44.06,45.86
2013-02-15 00:00:00,44.07,45.86
2013-02-16 00:00:00,44.1,45.86
2013-02-17 00:00:00,44.09,45.86
2013-02-18 00:00:00,44.09,45.86
2013-02-19 00:00:00,44.09,45.86
2013-02-20 00:00:00,44.1,45.86
2013-02-21 00:00:00,44.14,45.86
2013-02-22 00:00:00,44.19,45.86
2013-02-23 00:00:00,44.2,45.86
2013-02-24 00:00:00,44.2,45.86
2013-02-25 00:00:00,44.2,45.86
2013-02-26 00:00:00,44.197,45.86
2013-02-27 00:00:00,44.19,45.86
2013-02-28 00:00:00,44.19,45.86
2013-03-01 00:00:00,44.18,45.86
2013-03-02 00:00:00,44.19,45.86
2013-03-03 00:00:00,44.19,45.86
2013-03-04 00:00:00,44.23,45.86
2013-03-05 00:00:00,44.25,45.86
2013-03-06 00:00:00,44.25,45.86
2013-03-07 00:00:00,44.25,45.86
2013-03-08 00:00:00,44.25,45.86
2013-03-09 00:00:00,44.248,45.86
2013-03-10 00:00:00,44.28,45.86
2013-03-11 00:00:00,44.298,45.86
2013-03-12 00:00:00,44.3,45.86
2013-03-13 00:00:00,44.3,45.86
2013-03-14 00:00:00,44.337,45.86
2013-03-15 00:00:00,44.34,45.86
2013-03-16 00:00:00,44.33,45.86
2013-03-17 00:00:00,44.34,45.86
2013-03-18 00:00:00,44.343,45.86
2013-03-19 00:00:00,44.34,45.86
2013-03-20 00:00:00,44.34,45.86
2013-03-21 00:00:00,44.34,45.86
2013-03-22 00:00:00,44.34,45.86
2013-03-23 00:00:00,44.33,45.86
2013-03-24 00:00:00,44.32,45.86
2013-03-25 00:00:00,44.33,45.86
2013-03-26 00:00:00,44.35,45.86
2013-03-27 00:00:00,44.35,45.86
2013-03-28 00:00:00,44.39,45.86
2013-03-29 00:00:00,44.428,45.86
2013-03-30 00:00:00,44.47,45.86
2013-03-31 00:00:00,44.5,45.86
2013-04-01 00:00:00,44.51,45.86
2013-04-02 00:00:00,44.574,45.86
2013-04-03 00:00:00,44.6,45.86
2013-04-04 00:00:00,44.61,45.86
2013-04-05 00:00:00,44.62,45.86
2013-04-06 00:00:00,44.62,45.86
2013-04-07 00:00:00,44.62,45.86
2013-04-08 00:00:00,44.61,45.86
2013-04-09 00:00:00,44.61,45.86
2013-04-10 00:00:00,44.6,45.86
2013-04-11 00:00:00,44.6,45.86
2013-04-12 00:00:00,44.59,45.86
2013-04-13 00:00:00,44.59,45.86
2013-04-14 00:00:00,44.58,45.86
2013-04-15 00:00:00,44.58,45.86
2013-04-16 00:00:00,44.57,45.86
2013-04-17 00:00:00,44.57,45.86
2013-04-18 00:00:00,44.56,45.86
2013-04-19 00:00:00,44.55,45.86
2013-04-20 00:00:00,44.55,45.86
2013-04-21 00:00:00,44.54,45.86
2013-04-22 00:00:00,44.53,45.86
2013-04-23 00:00:00,44.52,45.86
2013-04-24 00:00:00,44.52,45.86
2013-04-25 00:00:00,44.51,45.86
2013-04-26 00:00:00,44.5,45.86
2013-04-27 00:00:00,44.49,45.86
2013-04-28 00:00:00,44.48,45.86
2013-04-29 00:00:00,44.47,45.86
2013-04-30 00:00:00,44.47,45.86
2013-05-01 00:00:00,44.46,45.86
2013-05-02 00:00:00,44.45,45.86
2013-05-03 00:00:00,44.44,45.86
2013-05-04 00:00:00,44.43,45.86
2013-05-05 00:00:00,44.42,45.86
2013-05-06 00:00:00,44.41,45.86
2013-05-07 00:00:00,44.4,45.86
2013-05-08 00:00:00,44.4,45.86
2013-05-09 00:00:00,44.38,45.86
2013-05-10 00:00:00,44.38,45.86
2013-05-11 00:00:00,44.37,45.86
2013-05-12 00:00:00,44.36,45.86
2013-05-13 00:00:00,44.36,45.86
2013-05-14 00:00:00,44.35,45.86
2013-05-15 00:00:00,44.34,45.86
2013-05-16 00:00:00,44.33,45.86
2013-05-17 00:00:00,44.32,45.86
2013-05-18 00:00:00,44.31,45.86
2013-05-19 00:00:00,44.35,45.86
2013-05-20 00:00:00,44.35,45.86
2013-05-21 00:00:00,44.34,45.86
2013-05-22 00:00:00,44.33,45.86
2013-05-23 00:00:00,44.33,45.86
2013-05-24 00:00:00,44.38,45.86
2013-05-25 00:00:00,44.4,45.86
2013-05-26 00:00:00,44.39,45.86
2013-05-27 00:00:00,44.38,45.86
2013-05-28 00:00:00,44.37,45.86
2013-05-29 00:00:00,44.37,45.86
2013-05-30 00:00:00,44.31,45.86
2013-05-31 00:00:00,44.3,45.86
2013-06-01 00:00:00,44.298,45.86
2013-06-02 00:00:00,44.29,45.86
2013-06-03 00:00:00,44.29,45.86
2013-06-04 00:00:00,44.27,45.86
2013-06-05 00:00:00,44.26,45.86
2013-06-06 00:00:00,44.26,45.86
2013-06-07 00:00:00,44.25,45.86
2013-06-08 00:00:00,44.24,45.86
2013-06-09 00:00:00,44.24,45.86
2013-06-10 00:00:00,44.23,45.86
2013-06-11 00:00:00,44.22,45.86
2013-06-12 00:00:00,44.22,45.86
2013-06-13 00:00:00,44.21,45.86
2013-06-14 00:00:00,44.2,45.86
2013-06-15 00:00:00,44.19,45.86
2013-06-16 00:00:00,44.18,45.86
2013-06-17 00:00:00,44.17,45.86
2013-06-18 00:00:00,44.16,45.86
2013-06-19 00:00:00,44.16,45.86
2013-06-20 00:00:00,44.15,45.86
2013-06-21 00:00:00,44.14,45.86
2013-06-22 00:00:00,44.13,45.86
2013-06-23 00:00:00,44.12,45.86
2013-06-24 00:00:00,44.11,45.86
2013-06-25 00:00:00,44.1,45.86
2013-06-26 00:00:00,44.09,45.86
2013-06-27 00:00:00,44.09,45.86
2013-06-28 00:00:00,44.08,45.86
2013-06-29 00:00:00,44.07,45.86
2013-06-30 00:00:00,44.07,45.86
2013-07-01 00:00:00,44.052,45.86
2013-07-02 00:00:00,44.04,45.86
2013-07-03 00:00:00,44.03,45.86
2013-07-04 00:00:00,44.02,45.86
2013-07-05 00:00:00,44.018,45.86
2013-07-06 00:00:00,44.01,45.86
2013-07-07 00:00:00,44,45.86
2013-07-08 00:00:00,43.99,45.86
2013-07-09 00:00:00,43.99,45.86
2013-07-10 00:00:00,43.98,45.86
2013-07-11 00:00:00,43.96,45.86
2013-07-12 00:00:00,43.96,45.86
2013-07-13 00:00:00,43.95,45.86
2013-07-14 00:00:00,43.95,45.86
2013-07-15 00:00:00,43.94,45.86
2013-07-16 00:00:00,43.93,45.86
2013-07-17 00:00:00,43.92,45.86
2013-07-18 00:00:00,43.91,45.86
2013-07-19 00:00:00,43.905,45.86
2013-07-20 00:00:00,43.9,45.86
2013-07-21 00:00:00,43.89,45.86
2013-07-22 00:00:00,43.88,45.86
2013-07-23 00:00:00,43.87,45.86
2013-07-24 00:00:00,43.86,45.86
2013-07-25 00:00:00,43.85,45.86
2013-07-26 00:00:00,43.83,45.86
2013-07-27 00:00:00,43.82,45.86
2013-07-28 00:00:00,43.817,45.86
2013-07-29 00:00:00,43.81,45.86
2013-07-30 00:00:00,43.8,45.86
2013-07-31 00:00:00,43.79,45.86
2013-08-01 00:00:00,43.783,45.86
2013-08-02 00:00:00,43.78,45.86
2013-08-03 00:00:00,43.76,45.86
2013-08-04 00:00:00,43.76,45.86
2013-08-05 00:00:00,43.74,45.86
2013-08-06 00:00:00,43.74,45.86
2013-08-07 00:00:00,43.73,45.86
2013-08-08 00:00:00,43.72,45.86
2013-08-09 00:00:00,43.71,45.86
2013-08-10 00:00:00,43.7,45.86
2013-08-11 00:00:00,43.7,45.86
2013-08-12 00:00:00,43.69,45.86
2013-08-13 00:00:00,43.68,45.86
2013-08-14 00:00:00,43.68,45.86
2013-08-15 00:00:00,43.67,45.86
2013-08-16 00:00:00,43.66,45.86
2013-08-17 00:00:00,43.65,45.86
2013-08-18 00:00:00,43.64,45.86
2013-08-19 00:00:00,43.63,45.86
2013-08-20 00:00:00,43.62,45.86
2013-08-21 00:00:00,43.62,45.86
2013-08-22 00:00:00,43.61,45.86
2013-08-23 00:00:00,43.612,45.86
2013-08-24 00:00:00,43.61,45.86
2013-08-25 00:00:00,43.6,45.86
2013-08-26 00:00:00,43.59,45.86
2013-08-27 00:00:00,43.58,45.86
2013-08-28 00:00:00,43.57,45.86
2013-08-29 00:00:00,43.57,45.86
2013-08-30 00:00:00,43.62,45.86
2013-08-31 00:00:00,43.61,45.86
2013-09-01 00:00:00,43.6,45.86
2013-09-02 00:00:00,43.59,45.86
2013-09-03 00:00:00,43.59,45.86
2013-09-04 00:00:00,43.563,45.86
2013-09-05 00:00:00,43.55,45.86
2013-09-06 00:00:00,43.54,45.86
2013-09-07 00:00:00,43.53,45.86
2013-09-08 00:00:00,43.51,45.86
2013-09-09 00:00:00,43.51,45.86
2013-09-10 00:00:00,43.5,45.86
2013-09-11 00:00:00,43.49,45.86
2013-09-12 00:00:00,43.48,45.86
2013-09-13 00:00:00,43.47,45.86
2013-09-14 00:00:00,43.46,45.86
2013-09-15 00:00:00,43.45,45.86
2013-09-16 00:00:00,43.44,45.86
2013-09-17 00:00:00,43.43,45.86
2013-09-18 00:00:00,43.42,45.86
2013-09-19 00:00:00,43.42,45.86
2013-09-20 00:00:00,43.41,45.86
2013-09-21 00:00:00,43.4,45.86
2013-09-22 00:00:00,43.4,45.86
2013-09-23 00:00:00,43.397,45.86
2013-09-24 00:00:00,43.39,45.86
2013-09-25 00:00:00,43.38,45.86
2013-09-26 00:00:00,43.36,45.86
2013-09-27 00:00:00,43.35,45.86
2013-09-28 00:00:00,43.34,45.86
2013-09-29 00:00:00,43.33,45.86
2013-09-30 00:00:00,43.32,45.86
2013-10-01 00:00:00,43.31,45.86
2013-10-02 00:00:00,43.3,45.86
2013-10-03 00:00:00,43.29,45.86
2013-10-04 00:00:00,43.28,45.86
2013-10-05 00:00:00,43.27,45.86
2013-10-06 00:00:00,43.26,45.86
2013-10-07 00:00:00,43.25,45.86
2013-10-08 00:00:00,43.24,45.86
2013-10-09 00:00:00,43.23,45.86
2013-10-10 00:00:00,43.22,45.86
2013-10-11 00:00:00,43.21,45.86
2013-10-12 00:00:00,43.2,45.86
2013-10-13 00:00:00,43.18,45.86
2013-10-14 00:00:00,43.17,45.86
2013-10-15 00:00:00,43.17,45.86
2013-10-16 00:00:00,43.17,45.86
2013-10-17 00:00:00,43.16,45.86
2013-10-18 00:00:00,43.15,45.86
2013-10-19 00:00:00,43.17,45.86
2013-10-20 00:00:00,43.17,45.86
2013-10-21 00:00:00,43.17,45.86
2013-10-22 00:00:00,43.167,45.86
2013-10-23 00:00:00,43.156,45.86
2013-10-24 00:00:00,43.137,45.86
2013-10-25 00:00:00,43.14,45.86
2013-10-26 00:00:00,43.13,45.86
2013-10-27 00:00:00,43.13,45.86
2013-10-28 00:00:00,43.12,45.86
2013-10-29 00:00:00,43.11,45.86
2013-10-30 00:00:00,43.11,45.86
2013-10-31 00:00:00,43.1,45.86
2013-11-01 00:00:00,43.09,45.86
2013-11-02 00:00:00,43.08,45.86
2013-11-03 00:00:00,43.07,45.86
2013-11-04 00:00:00,43.063,45.86
2013-11-05 00:00:00,43.057,45.86
2013-11-06 00:00:00,43.06,45.86
2013-11-07 00:00:00,43.06,45.86
2013-11-08 00:00:00,43.05,45.86
2013-11-09 00:00:00,43.04,45.86
2013-11-10 00:00:00,43.03,45.86
2013-11-11 00:00:00,43.02,45.86
2013-11-12 00:00:00,43.02,45.86
2013-11-13 00:00:00,43.02,45.86
2013-11-14 00:00:00,43.022,45.86
2013-11-15 00:00:00,43.03,45.86
2013-11-16 00:00:00,43.04,45.86
2013-11-17 00:00:00,43.03,45.86
2013-11-18 00:00:00,43.03,45.86
2013-11-19 00:00:00,43.02,45.86
2013-11-20 00:00:00,43.01,45.86
2013-11-21 00:00:00,43.01,45.86
2013-11-22 00:00:00,43.03,45.86
2013-11-23 00:00:00,43.03,45.86
2013-11-24 00:00:00,43.03,45.86
2013-11-25 00:00:00,43.05,45.86
2013-11-26 00:00:00,43.04,45.86
2013-11-27 00:00:00,43.03,45.86
2013-11-28 00:00:00,43.042,45.86
2013-11-29 00:00:00,43.03,45.86
2013-11-30 00:00:00,43.03,45.86
2013-12-01 00:00:00,43.03,45.86
2013-12-02 00:00:00,43.05,45.86
2013-12-03 00:00:00,43.06,45.86
2013-12-04 00:00:00,43.07,45.86
2013-12-05 00:00:00,43.062,45.86
2013-12-06 00:00:00,43.07,45.86
2013-12-07 00:00:00,43.06,45.86
2013-12-08 00:00:00,43.05,45.86
2013-12-09 00:00:00,43.04,45.86
2013-12-10 00:00:00,43.04,45.86
2013-12-11 00:00:00,43.03,45.86
2013-12-12 00:00:00,43.01,45.86
2013-12-13 00:00:00,43.01,45.86
2013-12-14 00:00:00,43.03,45.86
2013-12-15 00:00:00,43.041,45.86
2013-12-16 00:00:00,43.059,45.86
2013-12-17 00:00:00,43.05,45.86
2013-12-18 00:00:00,43.04,45.86
2013-12-19 00:00:00,43.03,45.86
2013-12-20 00:00:00,43.03,45.86
2013-12-21 00:00:00,43.023,45.86
2013-12-22 00:00:00,43.03,45.86
2013-12-23 00:00:00,43.08,45.86
2013-12-24 00:00:00,43.09,45.86
2013-12-25 00:00:00,43.13,45.86
2013-12-26 00:00:00,43.14,45.86
2013-12-27 00:00:00,43.15,45.86
2013-12-28 00:00:00,43.15,45.86
2013-12-29 00:00:00,43.15,45.86
2013-12-30 00:00:00,43.15,45.86
2013-12-31 00:00:00,43.15,45.86
2014-01-01 00:00:00,43.15,45.86
2014-01-02 00:00:00,43.14,45.86
2014-01-03 00:00:00,43.13,45.86
2014-01-04 00:00:00,43.13,45.86
2014-01-05 00:00:00,43.12,45.86
2014-01-06 00:00:00,43.119,45.86
2014-01-07 00:00:00,43.11,45.86
2014-01-08 00:00:00,43.1,45.86
2014-01-09 00:00:00,43.09,45.86
2014-01-10 00:00:00,43.08,45.86
2014-01-11 00:00:00,43.08,45.86
2014-01-12 00:00:00,43.07,45.86
2014-01-13 00:00:00,43.09,45.86
2014-01-14 00:00:00,43.1,45.86
2014-01-15 00:00:00,43.23,45.86
2014-01-16 00:00:00,43.303,45.86
2014-01-17 00:00:00,43.35,45.86
2014-01-18 00:00:00,43.528,45.86
2014-01-19 00:00:00,43.856,45.86
2014-01-20 00:00:00,43.995,45.86
2014-01-21 00:00:00,44.07,45.86
2014-01-22 00:00:00,44.123,45.86
2014-01-23 00:00:00,44.2,45.86
2014-01-24 00:00:00,44.22,45.86
2014-01-25 00:00:00,44.25,45.86
2014-01-26 00:00:00,44.26,45.86
2014-01-27 00:00:00,44.33,45.86
2014-01-28 00:00:00,44.35,45.86
2014-01-29 00:00:00,44.36,45.86
2014-01-30 00:00:00,44.4,45.86
2014-01-31 00:00:00,44.45,45.86
2014-02-01 00:00:00,44.75,45.86
2014-02-02 00:00:00,45.004,45.86
2014-02-03 00:00:00,45.12,45.86
2014-02-04 00:00:00,45.27,45.86
2014-02-05 00:00:00,45.32,45.86
2014-02-06 00:00:00,45.38,45.86
2014-02-07 00:00:00,45.451,45.86
2014-02-08 00:00:00,45.5,45.86
2014-02-09 00:00:00,45.51,45.86
2014-02-10 00:00:00,45.558,45.86
2014-02-11 00:00:00,45.58,45.86
2014-02-12 00:00:00,45.6,45.86
2014-02-13 00:00:00,45.65,45.86
2014-02-14 00:00:00,45.66,45.86
2014-02-15 00:00:00,45.71,45.86
2014-02-16 00:00:00,45.74,45.86
2014-02-17 00:00:00,45.79,45.86
2014-02-18 00:00:00,45.88,45.86
2014-02-19 00:00:00,45.95,45.86
2014-02-20 00:00:00,45.96,45.86
2014-02-21 00:00:00,45.94,45.86
2014-02-22 00:00:00,45.92,45.86
2014-02-23 00:00:00,45.9,45.86
2014-02-24 00:00:00,45.88,45.86
2014-02-25 00:00:00,45.89,45.86
2014-02-26 00:00:00,45.88,45.86
2014-02-27 00:00:00,45.88,45.86
2014-02-28 00:00:00,45.88,45.86
2014-03-01 00:00:00,45.88,45.86
2014-03-02 00:00:00,45.87,45.86
2014-03-03 00:00:00,45.87,45.86
2014-03-04 00:00:00,45.86,45.86
2014-03-05 00:00:00,45.86,45.86
2014-03-06 00:00:00,45.88,45.86
2014-03-07 00:00:00,45.92,45.86
2014-03-08 00:00:00,45.92,45.86
2014-03-09 00:00:00,45.9,45.86
2014-03-10 00:00:00,45.89,45.86
2014-03-11 00:00:00,45.88,45.86
2014-03-12 00:00:00,45.87,45.86
2014-03-13 00:00:00,45.86,45.86
2014-03-14 00:00:00,45.88,45.86
2014-03-15 00:00:00,45.9,45.86
2014-03-16 00:00:00,45.89,45.86
2014-03-17 00:00:00,45.87,45.86
2014-03-18 00:00:00,45.86,45.86
2014-03-19 00:00:00,45.85,45.86
2014-03-20 00:00:00,45.84,45.86
2014-03-21 00:00:00,45.83,45.86
2014-03-22 00:00:00,45.83,45.86
2014-03-23 00:00:00,45.83,45.86
2014-03-24 00:00:00,45.82,45.86
2014-03-25 00:00:00,45.81,45.86
2014-03-26 00:00:00,45.81,45.86
2014-03-27 00:00:00,45.8,45.86
2014-03-28 00:00:00,45.8,45.86
2014-03-29 00:00:00,45.782,45.86
2014-03-30 00:00:00,45.78,45.86
2014-03-31 00:00:00,45.77,45.86
2014-04-01 00:00:00,45.79,45.86
2014-04-02 00:00:00,45.8,45.86
2014-04-03 00:00:00,45.8,45.86
2014-04-04 00:00:00,45.79,45.86
2014-04-05 00:00:00,45.78,45.86
2014-04-06 00:00:00,45.78,45.86
2014-04-07 00:00:00,45.78,45.86
2014-04-08 00:00:00,45.78,45.86
2014-04-09 00:00:00,45.785,45.86
2014-04-10 00:00:00,45.8,45.86
2014-04-11 00:00:00,45.83,45.86
2014-04-12 00:00:00,45.83,45.86
2014-04-13 00:00:00,45.82,45.86
2014-04-14 00:00:00,45.82,45.86
2014-04-15 00:00:00,45.81,45.86
2014-04-16 00:00:00,45.8,45.86
2014-04-17 00:00:00,45.79,45.86
2014-04-18 00:00:00,45.78,45.86
2014-04-19 00:00:00,45.79,45.86
2014-04-20 00:00:00,45.78,45.86
2014-04-21 00:00:00,45.77,45.86
2014-04-22 00:00:00,45.76,45.86
2014-04-23 00:00:00,45.75,45.86
2014-04-24 00:00:00,45.75,45.86
2014-04-25 00:00:00,45.74,45.86
2014-04-26 00:00:00,45.74,45.86
2014-04-27 00:00:00,45.73,45.86
2014-04-28 00:00:00,45.74,45.86
2014-04-29 00:00:00,45.748,45.86
2014-04-30 00:00:00,45.74,45.86
2014-05-01 00:00:00,45.74,45.86
2014-05-02 00:00:00,45.73,45.86
2014-05-03 00:00:00,45.73,45.86
2014-05-04 00:00:00,45.74,45.86
2014-05-05 00:00:00,45.73,45.86
2014-05-06 00:00:00,45.72,45.86
2014-05-07 00:00:00,45.71,45.86
2014-05-08 00:00:00,45.7,45.86
2014-05-09 00:00:00,45.69,45.86
2014-05-10 00:00:00,45.69,45.86
2014-05-11 00:00:00,45.68,45.86
2014-05-12 00:00:00,45.67,45.86
2014-05-13 00:00:00,45.68,45.86
2014-05-14 00:00:00,45.67,45.86
2014-05-15 00:00:00,45.66,45.86
2014-05-16 00:00:00,45.66,45.86
2014-05-17 00:00:00,45.65,45.86
2014-05-18 00:00:00,45.64,45.86
2014-05-19 00:00:00,45.64,45.86
2014-05-20 00:00:00,45.64,45.86
2014-05-21 00:00:00,45.63,45.86
2014-05-22 00:00:00,45.63,45.86
2014-05-23 00:00:00,45.62,45.86
2014-05-24 00:00:00,45.61,45.86
2014-05-25 00:00:00,45.6,45.86
2014-05-26 00:00:00,45.59,45.86
2014-05-27 00:00:00,45.58,45.86
2014-05-28 00:00:00,45.58,45.86
2014-05-29 00:00:00,45.57,45.86
2014-05-30 00:00:00,45.56,45.86
2014-05-31 00:00:00,45.56,45.86
2014-06-01 00:00:00,45.55,45.86
2014-06-02 00:00:00,45.54,45.86
2014-06-03 00:00:00,45.53,45.86
2014-06-04 00:00:00,45.53,45.86
2014-06-05 00:00:00,45.52,45.86
2014-06-06 00:00:00,45.51,45.86
2014-06-07 00:00:00,45.5,45.86
2014-06-08 00:00:00,45.49,45.86
2014-06-09 00:00:00,45.47,45.86
2014-06-10 00:00:00,45.46,45.86
2014-06-11 00:00:00,45.45,45.86
2014-06-12 00:00:00,45.44,45.86
2014-06-13 00:00:00,45.43,45.86
2014-06-14 00:00:00,45.42,45.86
2014-06-15 00:00:00,45.42,45.86
2014-06-16 00:00:00,45.41,45.86
2014-06-17 00:00:00,45.4,45.86
2014-06-18 00:00:00,45.39,45.86
2014-06-19 00:00:00,45.38,45.86
2014-06-20 00:00:00,45.37,45.86
2014-06-21 00:00:00,45.36,45.86
2014-06-22 00:00:00,45.36,45.86
2014-06-23 00:00:00,45.35,45.86
2014-06-24 00:00:00,45.35,45.86
2014-06-25 00:00:00,45.33,45.86
2014-06-26 00:00:00,45.32,45.86
2014-06-27 00:00:00,45.31,45.86
2014-06-28 00:00:00,45.31,45.86
2014-06-29 00:00:00,45.3,45.86
2014-06-30 00:00:00,45.3,45.86
2014-07-01 00:00:00,45.28,45.86
2014-07-02 00:00:00,45.27,45.86
2014-07-03 00:00:00,45.26,45.86
2014-07-04 00:00:00,45.25,45.86
2014-07-05 00:00:00,45.25,45.86
2014-07-06 00:00:00,45.25,45.86
2014-07-07 00:00:00,45.24,45.86
2014-07-08 00:00:00,45.23,45.86
2014-07-09 00:00:00,45.22,45.86
2014-07-10 00:00:00,45.21,45.86
2014-07-11 00:00:00,45.21,45.86
2014-07-12 00:00:00,45.2,45.86
2014-07-13 00:00:00,45.19,45.86
2014-07-14 00:00:00,45.19,45.86
2014-07-15 00:00:00,45.18,45.86
2014-07-16 00:00:00,45.18,45.86
2014-07-17 00:00:00,45.17,45.86
2014-07-18 00:00:00,45.16,45.86
2014-07-19 00:00:00,45.15,45.86
2014-07-20 00:00:00,45.14,45.86
2014-07-21 00:00:00,45.13,45.86
2014-07-22 00:00:00,45.13,45.86
2014-07-23 00:00:00,45.12,45.86
2014-07-24 00:00:00,45.11,45.86
2014-07-25 00:00:00,45.11,45.86
2014-07-26 00:00:00,45.1,45.86
2014-07-27 00:00:00,45.09,45.86
2014-07-28 00:00:00,45.08,45.86
2014-07-29 00:00:00,45.08,45.86
2014-07-30 00:00:00,45.07,45.86
2014-07-31 00:00:00,45.06,45.86
2014-08-01 00:00:00,45.05,45.86
2014-08-02 00:00:00,45.04,45.86
2014-08-03 00:00:00,45.03,45.86
2014-08-04 00:00:00,45.03,45.86
2014-08-05 00:00:00,45.01,45.86
2014-08-06 00:00:00,45,45.86
2014-08-07 00:00:00,44.98,45.86
2014-08-08 00:00:00,44.97,45.86
2014-08-09 00:00:00,44.97,45.86
2014-08-10 00:00:00,44.96,45.86
2014-08-11 00:00:00,44.95,45.86
2014-08-12 00:00:00,44.94,45.86
2014-08-13 00:00:00,44.93,45.86
2014-08-14 00:00:00,44.92,45.86
2014-08-15 00:00:00,44.91,45.86
2014-08-16 00:00:00,44.9,45.86
2014-08-17 00:00:00,44.89,45.86
2014-08-18 00:00:00,44.87,45.86
2014-08-19 00:00:00,44.86,45.86
2014-08-20 00:00:00,44.86,45.86
2014-08-21 00:00:00,44.85,45.86
2014-08-22 00:00:00,44.84,45.86
2014-08-23 00:00:00,44.82,45.86
2014-08-24 00:00:00,44.815,45.86
2014-08-25 00:00:00,44.81,45.86
2014-08-26 00:00:00,44.8,45.86
2014-08-27 00:00:00,44.79,45.86
2014-08-28 00:00:00,44.78,45.86
2014-08-29 00:00:00,44.77,45.86
2014-08-30 00:00:00,44.76,45.86
2014-08-31 00:00:00,44.75,45.86
2014-09-01 00:00:00,44.75,45.86
2014-09-02 00:00:00,44.74,45.86
2014-09-03 00:00:00,44.73,45.86
2014-09-04 00:00:00,44.72,45.86
2014-09-05 00:00:00,44.71,45.86
2014-09-06 00:00:00,44.7,45.86
2014-09-07 00:00:00,44.7,45.86
2014-09-08 00:00:00,44.69,45.86
2014-09-09 00:00:00,44.68,45.86
2014-09-10 00:00:00,44.678,45.86
2014-09-11 00:00:00,44.67,45.86
2014-09-12 00:00:00,44.66,45.86
2014-09-13 00:00:00,44.65,45.86
2014-09-14 00:00:00,44.64,45.86
2014-09-15 00:00:00,44.63,45.86
2014-09-16 00:00:00,44.62,45.86
2014-09-17 00:00:00,44.61,45.86
2014-09-18 00:00:00,44.6,45.86
2014-09-19 00:00:00,44.59,45.86
2014-09-20 00:00:00,44.58,45.86
2014-09-21 00:00:00,44.575,45.86
2014-09-22 00:00:00,44.56,45.86
2014-09-23 00:00:00,44.56,45.86
2014-09-24 00:00:00,44.54,45.86
2014-09-25 00:00:00,44.54,45.86
2014-09-26 00:00:00,44.53,45.86
2014-09-27 00:00:00,44.52,45.86
2014-09-28 00:00:00,44.51,45.86
2014-09-29 00:00:00,44.494,45.86
2014-09-30 00:00:00,44.48,45.86
2014-10-01 00:00:00,44.47,45.86
2014-10-02 00:00:00,44.46,45.86
2014-10-03 00:00:00,44.45,45.86
2014-10-04 00:00:00,44.44,45.86
2014-10-05 00:00:00,44.43,45.86
2014-10-06 00:00:00,44.42,45.86
2014-10-07 00:00:00,44.41,45.86
2014-10-08 00:00:00,44.4,45.86
2014-10-09 00:00:00,44.39,45.86
2014-10-10 00:00:00,44.38,45.86
2014-10-11 00:00:00,44.37,45.86
2014-10-12 00:00:00,44.36,45.86
2014-10-13 00:00:00,44.35,45.86
2014-10-14 00:00:00,44.34,45.86
2014-10-15 00:00:00,44.328,45.86
2014-10-16 00:00:00,44.32,45.86
2014-10-17 00:00:00,44.31,45.86
2014-10-18 00:00:00,44.3,45.86
2014-10-19 00:00:00,44.29,45.86
2014-10-20 00:00:00,44.28,45.86
2014-10-21 00:00:00,44.26,45.86
2014-10-22 00:00:00,44.25,45.86
2014-10-23 00:00:00,44.24,45.86
2014-10-24 00:00:00,44.23,45.86
2014-10-25 00:00:00,44.22,45.86
2014-10-26 00:00:00,44.21,45.86
2014-10-27 00:00:00,44.2,45.86
2014-10-28 00:00:00,44.19,45.86
2014-10-29 00:00:00,44.18,45.86
2014-10-30 00:00:00,44.16,45.86
2014-10-31 00:00:00,44.15,45.86
2014-11-01 00:00:00,44.14,45.86
2014-11-02 00:00:00,44.13,45.86
2014-11-03 00:00:00,44.12,45.86
2014-11-04 00:00:00,44.11,45.86
2014-11-05 00:00:00,44.1,45.86
2014-11-06 00:00:00,44.09,45.86
2014-11-07 00:00:00,44.07,45.86
2014-11-08 00:00:00,44.07,45.86
2014-11-09 00:00:00,44.06,45.86
2014-11-10 00:00:00,44.05,45.86
2014-11-11 00:00:00,44.03,45.86
2014-11-12 00:00:00,44.03,45.86
2014-11-13 00:00:00,44.02,45.86
2014-11-14 00:00:00,44.01,45.86
2014-11-15 00:00:00,44,45.86
2014-11-16 00:00:00,43.99,45.86
2014-11-17 00:00:00,43.98,45.86
2014-11-18 00:00:00,43.97,45.86
2014-11-19 00:00:00,43.96,45.86
2014-11-20 00:00:00,43.95,45.86
2014-11-21 00:00:00,43.94,45.86
2014-11-22 00:00:00,43.93,45.86
2014-11-23 00:00:00,43.92,45.86
2014-11-24 00:00:00,43.91,45.86
2014-11-25 00:00:00,43.96,45.86
2014-11-26 00:00:00,43.96,45.86
2014-11-27 00:00:00,43.95,45.86
2014-11-28 00:00:00,43.94,45.86
2014-11-29 00:00:00,43.95,45.86
2014-11-30 00:00:00,43.95,45.86
2014-12-01 00:00:00,43.95,45.86
2014-12-02 00:00:00,43.94,45.86
2014-12-03 00:00:00,43.94,45.86
2014-12-04 00:00:00,43.93,45.86
2014-12-05 00:00:00,43.92,45.86
2014-12-06 00:00:00,43.93,45.86
2014-12-07 00:00:00,43.93,45.86
2014-12-08 00:00:00,43.92,45.86
2014-12-09 00:00:00,43.91,45.86
2014-12-10 00:00:00,43.91,45.86
2014-12-11 00:00:00,43.9,45.86
2014-12-12 00:00:00,43.89,45.86
2014-12-13 00:00:00,43.88,45.86
2014-12-14 00:00:00,43.87,45.86
2014-12-15 00:00:00,43.86,45.86
2014-12-16 00:00:00,43.85,45.86
2014-12-17 00:00:00,43.84,45.86
2014-12-18 00:00:00,43.84,45.86
2014-12-19 00:00:00,43.84,45.86
2014-12-20 00:00:00,43.84,45.86
2014-12-21 00:00:00,43.83,45.86
2014-12-22 00:00:00,43.82,45.86
2014-12-23 00:00:00,43.8,45.86
2014-12-24 00:00:00,43.82,45.86
2014-12-25 00:00:00,43.81,45.86
2014-12-26 00:00:00,43.8,45.86
2014-12-27 00:00:00,43.8,45.86
2014-12-28 00:00:00,43.8,45.86
2014-12-29 00:00:00,43.79,45.86
2014-12-30 00:00:00,43.8,45.86
2014-12-31 00:00:00,43.8,45.86
2015-01-01 00:00:00,43.8,45.86
2015-01-02 00:00:00,43.86,45.86
2015-01-03 00:00:00,43.9,45.86
2015-01-04 00:00:00,44.01,45.86
2015-01-05 00:00:00,44.09,45.86
2015-01-06 00:00:00,44.1,45.86
2015-01-07 00:00:00,44.14,45.86
2015-01-08 00:00:00,44.16,45.86
2015-01-09 00:00:00,44.19,45.86
2015-01-10 00:00:00,44.35,45.86
2015-01-11 00:00:00,44.4,45.86
2015-01-12 00:00:00,44.41,45.86
2015-01-13 00:00:00,44.41,45.86
2015-01-14 00:00:00,44.41,45.86
2015-01-15 00:00:00,44.41,45.86
2015-01-16 00:00:00,44.41,45.86
2015-01-17 00:00:00,44.68,45.86
2015-01-18 00:00:00,44.7,45.86
2015-01-19 00:00:00,44.72,45.86
2015-01-20 00:00:00,44.72,45.86
2015-01-21 00:00:00,44.72,45.86
2015-01-22 00:00:00,44.72,45.86
2015-01-23 00:00:00,44.71,45.86
2015-01-24 00:00:00,44.71,45.86
2015-01-25 00:00:00,44.73,45.86
2015-01-26 00:00:00,44.74,45.86
2015-01-27 00:00:00,44.74,45.86
2015-01-28 00:00:00,44.777,45.86
2015-01-29 00:00:00,44.79,45.86
2015-01-30 00:00:00,44.79,45.86
2015-01-31 00:00:00,44.82,45.86
2015-02-01 00:00:00,44.82,45.86
2015-02-02 00:00:00,44.82,45.86
2015-02-03 00:00:00,44.82,45.86
2015-02-04 00:00:00,44.82,45.86
2015-02-05 00:00:00,44.81,45.86
2015-02-06 00:00:00,44.81,45.86
2015-02-07 00:00:00,44.8,45.86
2015-02-08 00:00:00,44.8,45.86
2015-02-09 00:00:00,44.848,45.86
2015-02-10 00:00:00,44.89,45.86
2015-02-11 00:00:00,44.89,45.86
2015-02-12 00:00:00,44.89,45.86
2015-02-13 00:00:00,44.93,45.86
2015-02-14 00:00:00,44.94,45.86
2015-02-15 00:00:00,44.94,45.86
2015-02-16 00:00:00,44.94,45.86
2015-02-17 00:00:00,44.944,45.86
2015-02-18 00:00:00,44.969,45.86
2015-02-19 00:00:00,44.964,45.86
2015-02-20 00:00:00,45.01,45.86
2015-02-21 00:00:00,45.15,45.86
2015-02-22 00:00:00,45.17,45.86
2015-02-23 00:00:00,45.19,45.86
2015-02-24 00:00:00,45.21,45.86
2015-02-25 00:00:00,45.2,45.86
2015-02-26 00:00:00,45.25,45.86
2015-02-27 00:00:00,45.31,45.86
2015-02-28 00:00:00,45.36,45.86
2015-03-01 00:00:00,45.37,45.86
2015-03-02 00:00:00,45.38,45.86
2015-03-03 00:00:00,45.41,45.86
2015-03-04 00:00:00,45.43,45.86
2015-03-05 00:00:00,45.44,45.86
2015-03-06 00:00:00,45.44,45.86
2015-03-07 00:00:00,45.484,45.86
2015-03-08 00:00:00,45.5,45.86
2015-03-09 00:00:00,45.5,45.86
2015-03-10 00:00:00,45.5,45.86
2015-03-11 00:00:00,45.5,45.86
2015-03-12 00:00:00,45.51,45.86
2015-03-13 00:00:00,45.5,45.86
2015-03-14 00:00:00,45.5,45.86
2015-03-15 00:00:00,45.49,45.86
2015-03-16 00:00:00,45.49,45.86
2015-03-17 00:00:00,45.49,45.86
2015-03-18 00:00:00,45.49,45.86
2015-03-19 00:00:00,45.5,45.86
2015-03-20 00:00:00,45.49,45.86
2015-03-21 00:00:00,45.49,45.86
2015-03-22 00:00:00,45.51,45.86
2015-03-23 00:00:00,45.52,45.86
2015-03-24 00:00:00,45.52,45.86
2015-03-25 00:00:00,45.51,45.86
2015-03-26 00:00:00,45.51,45.86
2015-03-27 00:00:00,45.566,45.86
2015-03-28 00:00:00,45.65,45.86
2015-03-29 00:00:00,45.654,45.86
2015-03-30 00:00:00,45.65,45.86
2015-03-31 00:00:00,45.65,45.86
2015-04-01 00:00:00,45.65,45.86
2015-04-02 00:00:00,45.64,45.86
2015-04-03 00:00:00,45.67,45.86
2015-04-04 00:00:00,45.67,45.86
2015-04-05 00:00:00,45.67,45.86
2015-04-06 00:00:00,45.67,45.86
2015-04-07 00:00:00,45.67,45.86
2015-04-08 00:00:00,45.67,45.86
2015-04-09 00:00:00,45.71,45.86
2015-04-10 00:00:00,45.7,45.86
2015-04-11 00:00:00,45.7,45.86
2015-04-12 00:00:00,45.69,45.86
2015-04-13 00:00:00,45.69,45.86
2015-04-14 00:00:00,45.68,45.86
2015-04-15 00:00:00,45.68,45.86
2015-04-16 00:00:00,45.67,45.86
2015-04-17 00:00:00,45.66,45.86
2015-04-18 00:00:00,45.66,45.86
2015-04-19 00:00:00,45.65,45.86
2015-04-20 00:00:00,45.64,45.86
2015-04-21 00:00:00,45.64,45.86
2015-04-22 00:00:00,45.63,45.86
2015-04-23 00:00:00,45.61,45.86
2015-04-24 00:00:00,45.61,45.86
2015-04-25 00:00:00,45.6,45.86
2015-04-26 00:00:00,45.59,45.86
2015-04-27 00:00:00,45.58,45.86
2015-04-28 00:00:00,45.57,45.86
2015-04-29 00:00:00,45.56,45.86
2015-04-30 00:00:00,45.55,45.86
2015-05-01 00:00:00,45.54,45.86
2015-05-02 00:00:00,45.53,45.86
2015-05-03 00:00:00,45.53,45.86
2015-05-04 00:00:00,45.52,45.86
2015-05-05 00:00:00,45.51,45.86
2015-05-06 00:00:00,45.5,45.86
2015-05-07 00:00:00,45.5,45.86
2015-05-08 00:00:00,45.49,45.86
2015-05-09 00:00:00,45.48,45.86
2015-05-10 00:00:00,45.47,45.86
2015-05-11 00:00:00,45.46,45.86
2015-05-12 00:00:00,45.45,45.86
2015-05-13 00:00:00,45.44,45.86
2015-05-14 00:00:00,45.43,45.86
2015-05-15 00:00:00,45.42,45.86
2015-05-16 00:00:00,45.41,45.86
2015-05-17 00:00:00,45.4,45.86
2015-05-18 00:00:00,45.39,45.86
2015-05-19 00:00:00,45.38,45.86
2015-05-20 00:00:00,45.38,45.86
2015-05-21 00:00:00,45.37,45.86
2015-05-22 00:00:00,45.36,45.86
2015-05-23 00:00:00,45.36,45.86
2015-05-24 00:00:00,45.35,45.86
2015-05-25 00:00:00,45.34,45.86
2015-05-26 00:00:00,45.33,45.86
2015-05-27 00:00:00,45.32,45.86
2015-05-28 00:00:00,45.32,45.86
2015-05-29 00:00:00,45.31,45.86
2015-05-30 00:00:00,45.3,45.86
2015-05-31 00:00:00,45.3,45.86
2015-06-01 00:00:00,45.292,45.86
2015-06-02 00:00:00,45.29,45.86
2015-06-03 00:00:00,45.28,45.86
2015-06-04 00:00:00,45.27,45.86
2015-06-05 00:00:00,45.26,45.86
2015-06-06 00:00:00,45.25,45.86
2015-06-07 00:00:00,45.24,45.86
2015-06-08 00:00:00,45.23,45.86
2015-06-09 00:00:00,45.22,45.86
2015-06-10 00:00:00,45.21,45.86
2015-06-11 00:00:00,45.21,45.86
2015-06-12 00:00:00,45.2,45.86
2015-06-13 00:00:00,45.19,45.86
2015-06-14 00:00:00,45.19,45.86
2015-06-15 00:00:00,45.18,45.86
2015-06-16 00:00:00,45.173,45.86
2015-06-17 00:00:00,45.165,45.86
2015-06-18 00:00:00,45.157,45.86
2015-06-19 00:00:00,45.149,45.86
2015-06-20 00:00:00,45.141,45.86
2015-06-21 00:00:00,45.133,45.86
2015-06-22 00:00:00,45.125,45.86
2015-06-23 00:00:00,45.117,45.86
2015-06-24 00:00:00,45.109,45.86
2015-06-25 00:00:00,45.1,45.86
2015-06-26 00:00:00,45.092,45.86
2015-06-27 00:00:00,45.084,45.86
2015-06-28 00:00:00,45.076,45.86
2015-06-29 00:00:00,45.068,45.86
2015-06-30 00:00:00,45.06,45.86
2015-07-01 00:00:00,45.052,45.86
2015-07-02 00:00:00,45.044,45.86
2015-07-03 00:00:00,45.036,45.86
2015-07-04 00:00:00,45.03,45.86
2015-07-05 00:00:00,45.02,45.86
2015-07-06 00:00:00,45.013,45.86
2015-07-07 00:00:00,45.01,45.86
2015-07-08 00:00:00,45,45.86
2015-07-09 00:00:00,44.995,45.86
2015-07-10 00:00:00,44.987,45.86
2015-07-11 00:00:00,44.979,45.86
2015-07-12 00:00:00,44.971,45.86
2015-07-13 00:00:00,44.961,45.86
2015-07-14 00:00:00,44.95,45.86
2015-07-15 00:00:00,44.94,45.86
2015-07-16 00:00:00,44.93,45.86
2015-07-17 00:00:00,44.92,45.86
2015-07-18 00:00:00,44.91,45.86
2015-07-19 00:00:00,44.9,45.86
2015-07-20 00:00:00,44.89,45.86
2015-07-21 00:00:00,44.88,45.86
2015-07-22 00:00:00,44.88,45.86
2015-07-23 00:00:00,44.87,45.86
2015-07-24 00:00:00,44.87,45.86
2015-07-25 00:00:00,44.86,45.86
2015-07-26 00:00:00,44.85,45.86
2015-07-27 00:00:00,44.84,45.86
2015-07-28 00:00:00,44.83,45.86
2015-07-29 00:00:00,44.82,45.86
2015-07-30 00:00:00,44.801,45.86
2015-07-31 00:00:00,44.799,45.86
2015-08-01 00:00:00,44.79,45.86
2015-08-02 00:00:00,44.79,45.86
2015-08-03 00:00:00,44.78,45.86
2015-08-04 00:00:00,44.771,45.86
2015-08-05 00:00:00,44.761,45.86
2015-08-06 00:00:00,44.75,45.86
2015-08-07 00:00:00,44.74,45.86
2015-08-08 00:00:00,44.73,45.86
2015-08-09 00:00:00,44.721,45.86
2015-08-10 00:00:00,44.72,45.86
2015-08-11 00:00:00,44.71,45.86
2015-08-12 00:00:00,44.706,45.86
2015-08-13 00:00:00,44.69,45.86
2015-08-14 00:00:00,44.69,45.86
2015-08-15 00:00:00,44.678,45.86
2015-08-16 00:00:00,44.67,45.86
2015-08-17 00:00:00,44.659,45.86
2015-08-18 00:00:00,44.65,45.86
2015-08-19 00:00:00,44.641,45.86
2015-08-20 00:00:00,44.64,45.86
2015-08-21 00:00:00,44.62,45.86
2015-08-22 00:00:00,44.61,45.86
2015-08-23 00:00:00,44.6,45.86
2015-08-24 00:00:00,44.59,45.86
2015-08-25 00:00:00,44.57,45.86
2015-08-26 00:00:00,44.56,45.86
2015-08-27 00:00:00,44.557,45.86
2015-08-28 00:00:00,44.545,45.86
2015-08-29 00:00:00,44.54,45.86
2015-08-30 00:00:00,44.53,45.86
2015-08-31 00:00:00,44.52,45.86
2015-09-01 00:00:00,44.51,45.86
2015-09-02 00:00:00,44.5,45.86
2015-09-03 00:00:00,44.49,45.86
2015-09-04 00:00:00,44.481,45.86
2015-09-05 00:00:00,44.473,45.86
2015-09-06 00:00:00,44.462,45.86
2015-09-07 00:00:00,44.45,45.86
2015-09-08 00:00:00,44.44,45.86
2015-09-09 00:00:00,44.422,45.86
2015-09-10 00:00:00,44.41,45.86
2015-09-11 00:00:00,44.41,45.86
2015-09-12 00:00:00,44.41,45.86
2015-09-13 00:00:00,44.407,45.86
2015-09-14 00:00:00,44.39,45.86
2015-09-15 00:00:00,44.39,45.86
2015-09-16 00:00:00,44.379,45.86
2015-09-17 00:00:00,44.37,45.86
2015-09-18 00:00:00,44.361,45.86
2015-09-19 00:00:00,44.35,45.86
2015-09-20 00:00:00,44.34,45.86
2015-09-21 00:00:00,44.33,45.86
2015-09-22 00:00:00,44.32,45.86
2015-09-23 00:00:00,44.31,45.86
2015-09-24 00:00:00,44.3,45.86
2015-09-25 00:00:00,44.29,45.86
2015-09-26 00:00:00,44.287,45.86
2015-09-27 00:00:00,44.28,45.86
2015-09-28 00:00:00,44.278,45.86
2015-09-29 00:00:00,44.269,45.86
2015-09-30 00:00:00,44.26,45.86
2015-10-01 00:00:00,44.251,45.86
2015-10-02 00:00:00,44.243,45.86
2015-10-03 00:00:00,44.231,45.86
2015-10-04 00:00:00,44.23,45.86
2015-10-05 00:00:00,44.22,45.86
2015-10-06 00:00:00,44.219,45.86
2015-10-07 00:00:00,44.211,45.86
2015-10-08 00:00:00,44.21,45.86
2015-10-09 00:00:00,44.2,45.86
2015-10-10 00:00:00,44.191,45.86
2015-10-11 00:00:00,44.19,45.86
2015-10-12 00:00:00,44.18,45.86
2015-10-13 00:00:00,44.18,45.86
2015-10-14 00:00:00,44.17,45.86
2015-10-15 00:00:00,44.163,45.86
2015-10-16 00:00:00,44.153,45.86
2015-10-17 00:00:00,44.142,45.86
2015-10-18 00:00:00,44.135,45.86
2015-10-19 00:00:00,44.125,45.86
2015-10-20 00:00:00,44.113,45.86
2015-10-21 00:00:00,44.103,45.86
2015-10-22 00:00:00,44.089,45.86
2015-10-23 00:00:00,44.078,45.86
2015-10-24 00:00:00,44.069,45.86
2015-10-25 00:00:00,44.058,45.86
2015-10-26 00:00:00,44.051,45.86
2015-10-27 00:00:00,44.041,45.86
2015-10-28 00:00:00,44.027,45.86
2015-10-29 00:00:00,44.015,45.86
2015-10-30 00:00:00,44.004,45.86
2015-10-31 00:00:00,43.993,45.86
2015-11-01 00:00:00,43.984,45.86
2015-11-02 00:00:00,43.983,45.86
2015-11-03 00:00:00,43.973,45.86
2015-11-04 00:00:00,43.967,45.86
2015-11-05 00:00:00,43.956,45.86
2015-11-06 00:00:00,43.951,45.86
2015-11-07 00:00:00,43.945,45.86
2015-11-08 00:00:00,43.931,45.86
2015-11-09 00:00:00,43.92,45.86
2015-11-10 00:00:00,43.912,45.86
2015-11-11 00:00:00,43.904,45.86
2015-11-12 00:00:00,43.896,45.86
2015-11-13 00:00:00,43.885,45.86
2015-11-14 00:00:00,43.876,45.86
2015-11-15 00:00:00,43.862,45.86
2015-11-16 00:00:00,43.861,45.86
2015-11-17 00:00:00,43.854,45.86
2015-11-18 00:00:00,43.843,45.86
2015-11-19 00:00:00,43.834,45.86
2015-11-20 00:00:00,43.826,45.86
2015-11-21 00:00:00,43.816,45.86
2015-11-22 00:00:00,43.806,45.86
2015-11-23 00:00:00,43.795,45.86
2015-11-24 00:00:00,43.783,45.86
2015-11-25 00:00:00,43.773,45.86
2015-11-26 00:00:00,43.763,45.86
2015-11-27 00:00:00,43.777,45.86
2015-11-28 00:00:00,43.766,45.86
2015-11-29 00:00:00,43.769,45.86
2015-11-30 00:00:00,43.76,45.86
2015-12-01 00:00:00,43.756,45.86
2015-12-02 00:00:00,43.756,45.86
2015-12-03 00:00:00,43.754,45.86
2015-12-04 00:00:00,43.766,45.86
2015-12-05 00:00:00,43.763,45.86
2015-12-06 00:00:00,43.756,45.86
2015-12-07 00:00:00,43.745,45.86
2015-12-08 00:00:00,43.737,45.86
2015-12-09 00:00:00,43.752,45.86
2015-12-10 00:00:00,43.787,45.86
2015-12-11 00:00:00,43.78,45.86
2015-12-12 00:00:00,43.773,45.86
2015-12-13 00:00:00,43.766,45.86
2015-12-14 00:00:00,43.755,45.86
2015-12-15 00:00:00,43.753,45.86
2015-12-16 00:00:00,43.745,45.86
2015-12-17 00:00:00,43.738,45.86
2015-12-18 00:00:00,43.732,45.86
2015-12-19 00:00:00,43.728,45.86
2015-12-20 00:00:00,43.737,45.86
2015-12-21 00:00:00,43.745,45.86
2015-12-22 00:00:00,43.756,45.86
2015-12-23 00:00:00,43.795,45.86
2015-12-24 00:00:00,43.849,45.86
2015-12-25 00:00:00,44.048,45.86
2015-12-26 00:00:00,44.209,45.86
2015-12-27 00:00:00,44.285,45.86
2015-12-28 00:00:00,44.368,45.86
2015-12-29 00:00:00,44.468,45.86
2015-12-30 00:00:00,44.667,45.86
2015-12-31 00:00:00,44.681,45.86
2016-01-01 00:00:00,44.681,45.86
2016-01-02 00:00:00,44.677,45.86
2016-01-03 00:00:00,44.676,45.86
2016-01-04 00:00:00,44.687,45.86
2016-01-05 00:00:00,44.691,45.86
2016-01-06 00:00:00,44.689,45.86
2016-01-07 00:00:00,44.68,45.86
2016-01-08 00:00:00,44.674,45.86
2016-01-09 00:00:00,44.676,45.86
2016-01-10 00:00:00,44.671,45.86
2016-01-11 00:00:00,44.756,45.86
2016-01-12 00:00:00,44.662,45.86
2016-01-13 00:00:00,44.656,45.86
2016-01-14 00:00:00,44.663,45.86
2016-01-15 00:00:00,44.662,45.86
2016-01-16 00:00:00,44.659,45.86
2016-01-17 00:00:00,44.652,45.86
2016-01-18 00:00:00,44.648,45.86
2016-01-19 00:00:00,44.649,45.86
2016-01-20 00:00:00,44.669,45.86
2016-01-21 00:00:00,44.665,45.86
2016-01-22 00:00:00,44.709,45.86
2016-01-23 00:00:00,44.713,45.86
2016-01-24 00:00:00,44.708,45.86
2016-01-25 00:00:00,44.73,45.86
2016-01-26 00:00:00,44.828,45.86
2016-01-27 00:00:00,44.866,45.86
2016-01-28 00:00:00,44.886,45.86
2016-01-29 00:00:00,44.883,45.86
2016-01-30 00:00:00,44.879,45.86
2016-01-31 00:00:00,44.861,45.86
2016-02-01 00:00:00,44.862,45.86
2016-02-02 00:00:00,44.889,45.86
2016-02-03 00:00:00,44.945,45.86
2016-02-04 00:00:00,44.962,45.86
2016-02-05 00:00:00,44.973,45.86
2016-02-06 00:00:00,45.012,45.86
2016-02-07 00:00:00,45.023,45.86
2016-02-08 00:00:00,45.072,45.86
2016-02-09 00:00:00,45.075,45.86
2016-02-10 00:00:00,45.078,45.86
2016-02-11 00:00:00,45.093,45.86
2016-02-12 00:00:00,45.118,45.86
2016-02-13 00:00:00,45.123,45.86
2016-02-14 00:00:00,45.123,45.86
2016-02-15 00:00:00,45.126,45.86
2016-02-16 00:00:00,45.133,45.86
2016-02-17 00:00:00,45.149,45.86
2016-02-18 00:00:00,45.152,45.86
2016-02-19 00:00:00,45.17,45.86
2016-02-20 00:00:00,45.17,45.86
2016-02-21 00:00:00,45.165,45.86
2016-02-22 00:00:00,45.162,45.86
2016-02-23 00:00:00,45.16,45.86
2016-02-24 00:00:00,45.189,45.86
2016-02-25 00:00:00,45.19,45.86
2016-02-26 00:00:00,45.238,45.86
2016-02-27 00:00:00,45.26,45.86
2016-02-28 00:00:00,45.281,45.86
2016-02-29 00:00:00,45.279,45.86
2016-03-01 00:00:00,45.277,45.86
2016-03-02 00:00:00,45.275,45.86
2016-03-03 00:00:00,45.267,45.86
2016-03-04 00:00:00,45.265,45.86
2016-03-05 00:00:00,45.257,45.86
2016-03-06 00:00:00,45.267,45.86
2016-03-07 00:00:00,45.266,45.86
2016-03-08 00:00:00,45.266,45.86
2016-03-09 00:00:00,45.262,45.86
2016-03-10 00:00:00,45.219,45.86
2016-03-11 00:00:00,45.215,45.86
2016-03-12 00:00:00,45.211,45.86
2016-03-13 00:00:00,45.227,45.86
2016-03-14 00:00:00,45.232,45.86
2016-03-15 00:00:00,45.227,45.86
2016-03-16 00:00:00,45.225,45.86
2016-03-17 00:00:00,45.225,45.86
2016-03-18 00:00:00,45.223,45.86
2016-03-19 00:00:00,45.221,45.86
2016-03-20 00:00:00,45.221,45.86
2016-03-21 00:00:00,45.236,45.86
2016-03-22 00:00:00,45.236,45.86
2016-03-23 00:00:00,45.237,45.86
2016-03-24 00:00:00,45.238,45.86
2016-03-25 00:00:00,45.234,45.86
2016-03-26 00:00:00,45.228,45.86
2016-03-27 00:00:00,45.222,45.86
2016-03-28 00:00:00,45.228,45.86
2016-03-29 00:00:00,45.232,45.86
2016-03-30 00:00:00,45.224,45.86
2016-03-31 00:00:00,45.22,45.86
2016-04-01 00:00:00,45.215,45.86
2016-04-02 00:00:00,45.234,45.86
2016-04-03 00:00:00,45.23,45.86
2016-04-04 00:00:00,45.231,45.86
2016-04-05 00:00:00,45.231,45.86
2016-04-06 00:00:00,45.231,45.86
2016-04-07 00:00:00,45.231,45.86
2016-04-08 00:00:00,45.231,45.86
2016-04-09 00:00:00,45.2,45.86
2016-04-10 00:00:00,45.193,45.86
2016-04-11 00:00:00,45.187,45.86
2016-04-12 00:00:00,45.178,45.86
2016-04-13 00:00:00,45.171,45.86
2016-04-14 00:00:00,45.162,45.86
2016-04-15 00:00:00,45.155,45.86
2016-04-16 00:00:00,45.148,45.86
2016-04-17 00:00:00,45.14,45.86
2016-04-18 00:00:00,45.157,45.86
2016-04-19 00:00:00,45.153,45.86
2016-04-20 00:00:00,45.144,45.86
2016-04-21 00:00:00,45.136,45.86
2016-04-22 00:00:00,45.128,45.86
2016-04-23 00:00:00,45.118,45.86
2016-04-24 00:00:00,45.109,45.86
2016-04-25 00:00:00,45.099,45.86
2016-04-26 00:00:00,45.087,45.86
2016-04-27 00:00:00,45.078,45.86
2016-04-28 00:00:00,45.071,45.86
2016-04-29 00:00:00,45.065,45.86
2016-04-30 00:00:00,45.058,45.86
2016-05-01 00:00:00,45.052,45.86
2016-05-02 00:00:00,45.05,45.86
2016-05-03 00:00:00,45.052,45.86
2016-05-04 00:00:00,45.036,45.86
2016-05-05 00:00:00,45.031,45.86
2016-05-06 00:00:00,45.022,45.86
2016-05-07 00:00:00,45.013,45.86
2016-05-08 00:00:00,45.009,45.86
2016-05-09 00:00:00,45.004,45.86
2016-05-10 00:00:00,45.044,45.86
2016-05-11 00:00:00,45.069,45.86
2016-05-12 00:00:00,45.06,45.86
2016-05-13 00:00:00,45.048,45.86
2016-05-14 00:00:00,45.035,45.86
2016-05-15 00:00:00,45.028,45.86
2016-05-16 00:00:00,45.02,45.86
2016-05-17 00:00:00,45.011,45.86
2016-05-18 00:00:00,45.004,45.86
2016-05-19 00:00:00,44.997,45.86
2016-05-20 00:00:00,44.989,45.86
2016-05-21 00:00:00,44.984,45.86
2016-05-22 00:00:00,44.975,45.86
2016-05-23 00:00:00,44.971,45.86
2016-05-24 00:00:00,44.965,45.86
2016-05-25 00:00:00,44.958,45.86
2016-05-26 00:00:00,44.952,45.86
2016-05-27 00:00:00,44.945,45.86
2016-05-28 00:00:00,44.939,45.86
2016-05-29 00:00:00,44.931,45.86
2016-05-30 00:00:00,44.926,45.86
2016-05-31 00:00:00,44.918,45.86
2016-06-01 00:00:00,44.909,45.86
2016-06-02 00:00:00,44.901,45.86
2016-06-03 00:00:00,44.893,45.86
2016-06-04 00:00:00,44.886,45.86
2016-06-05 00:00:00,44.88,45.86
2016-06-06 00:00:00,44.874,45.86
2016-06-07 00:00:00,44.867,45.86
2016-06-08 00:00:00,44.86,45.86
2016-06-09 00:00:00,44.852,45.86
2016-06-10 00:00:00,44.846,45.86
2016-06-11 00:00:00,44.837,45.86
2016-06-12 00:00:00,44.826,45.86
2016-06-13 00:00:00,44.812,45.86
2016-06-14 00:00:00,44.798,45.86
2016-06-15 00:00:00,44.786,45.86
2016-06-16 00:00:00,44.777,45.86
2016-06-17 00:00:00,44.768,45.86
2016-06-18 00:00:00,44.762,45.86
2016-06-19 00:00:00,44.755,45.86
2016-06-20 00:00:00,44.748,45.86
2016-06-21 00:00:00,44.739,45.86
2016-06-22 00:00:00,44.729,45.86
2016-06-23 00:00:00,44.719,45.86
2016-06-24 00:00:00,44.713,45.86
2016-06-25 00:00:00,44.706,45.86
2016-06-26 00:00:00,44.698,45.86
2016-06-27 00:00:00,44.695,45.86
2016-06-28 00:00:00,44.687,45.86
2016-06-29 00:00:00,44.679,45.86
2016-06-30 00:00:00,44.67,45.86
2016-07-01 00:00:00,44.661,45.86
2016-07-02 00:00:00,44.651,45.86
2016-07-03 00:00:00,44.641,45.86
2016-07-04 00:00:00,44.63,45.86
2016-07-05 00:00:00,44.63,45.86
2016-07-06 00:00:00,44.622,45.86
2016-07-07 00:00:00,44.614,45.86
2016-07-08 00:00:00,44.606,45.86
2016-07-09 00:00:00,44.598,45.86
2016-07-10 00:00:00,44.589,45.86
2016-07-11 00:00:00,44.567,45.86
2016-07-12 00:00:00,44.567,45.86
2016-07-13 00:00:00,44.614,45.86
2016-07-14 00:00:00,44.578,45.86
2016-07-15 00:00:00,44.592,45.86
2016-07-16 00:00:00,44.579,45.86
2016-07-17 00:00:00,44.568,45.86
2016-07-18 00:00:00,44.558,45.86
2016-07-19 00:00:00,44.551,45.86
2016-07-20 00:00:00,44.542,45.86
2016-07-21 00:00:00,44.538,45.86
2016-07-22 00:00:00,44.531,45.86
2016-07-23 00:00:00,44.525,45.86
2016-07-24 00:00:00,44.52,45.86
2016-07-25 00:00:00,44.512,45.86
2016-07-26 00:00:00,44.506,45.86
2016-07-27 00:00:00,44.498,45.86
2016-07-28 00:00:00,44.49,45.86
2016-07-29 00:00:00,44.478,45.86
2016-07-30 00:00:00,44.467,45.86
2016-07-31 00:00:00,44.458,45.86
2016-08-01 00:00:00,44.45,45.86
2016-08-02 00:00:00,44.443,45.86
2016-08-03 00:00:00,44.435,45.86
2016-08-04 00:00:00,44.422,45.86
2016-08-05 00:00:00,44.406,45.86
2016-08-06 00:00:00,44.397,45.86
2016-08-07 00:00:00,44.389,45.86
2016-08-08 00:00:00,44.383,45.86
2016-08-09 00:00:00,44.376,45.86
2016-08-10 00:00:00,44.368,45.86
2016-08-11 00:00:00,44.357,45.86
2016-08-12 00:00:00,44.351,45.86
2016-08-13 00:00:00,44.342,45.86
2016-08-14 00:00:00,44.335,45.86
2016-08-15 00:00:00,44.325,45.86
2016-08-16 00:00:00,44.315,45.86
2016-08-17 00:00:00,44.306,45.86
2016-08-18 00:00:00,44.298,45.86
2016-08-19 00:00:00,44.291,45.86
2016-08-20 00:00:00,44.284,45.86
2016-08-21 00:00:00,44.276,45.86
2016-08-22 00:00:00,44.268,45.86
2016-08-23 00:00:00,44.26,45.86
2016-08-24 00:00:00,44.252,45.86
2016-08-25 00:00:00,44.244,45.86
2016-08-26 00:00:00,44.236,45.86
2016-08-27 00:00:00,44.226,45.86
2016-08-28 00:00:00,44.216,45.86
2016-08-29 00:00:00,44.207,45.86
2016-08-30 00:00:00,44.19,45.86
2016-08-31 00:00:00,44.182,45.86
2016-09-01 00:00:00,44.177,45.86
2016-09-02 00:00:00,44.17,45.86
2016-09-03 00:00:00,44.164,45.86
2016-09-04 00:00:00,44.155,45.86
2016-09-05 00:00:00,44.146,45.86
2016-09-06 00:00:00,44.136,45.86
2016-09-07 00:00:00,44.126,45.86
2016-09-08 00:00:00,44.117,45.86
2016-09-09 00:00:00,44.109,45.86
2016-09-10 00:00:00,44.099,45.86
2016-09-11 00:00:00,44.09,45.86
2016-09-12 00:00:00,44.081,45.86
2016-09-13 00:00:00,44.071,45.86
2016-09-14 00:00:00,44.063,45.86
2016-09-15 00:00:00,44.052,45.86
2016-09-16 00:00:00,44.043,45.86
2016-09-17 00:00:00,44.037,45.86
2016-09-18 00:00:00,44.027,45.86
2016-09-19 00:00:00,44.025,45.86
2016-09-20 00:00:00,44.024,45.86
2016-09-21 00:00:00,44.017,45.86
2016-09-22 00:00:00,44.015,45.86
2016-09-23 00:00:00,44.006,45.86
2016-09-24 00:00:00,44,45.86
2016-09-25 00:00:00,44.003,45.86
2016-09-26 00:00:00,43.994,45.86
2016-09-27 00:00:00,43.986,45.86
2016-09-28 00:00:00,43.977,45.86
2016-09-29 00:00:00,43.968,45.86
2016-09-30 00:00:00,43.964,45.86
2016-10-01 00:00:00,43.957,45.86
2016-10-02 00:00:00,43.947,45.86
2016-10-03 00:00:00,43.938,45.86
2016-10-04 00:00:00,43.933,45.86
2016-10-05 00:00:00,43.925,45.86
2016-10-06 00:00:00,43.914,45.86
2016-10-07 00:00:00,43.902,45.86
2016-10-08 00:00:00,43.89,45.86
2016-10-09 00:00:00,43.88,45.86
2016-10-10 00:00:00,43.871,45.86
2016-10-11 00:00:00,43.862,45.86
2016-10-12 00:00:00,43.883,45.86
2016-10-13 00:00:00,43.874,45.86
2016-10-14 00:00:00,43.866,45.86
2016-10-15 00:00:00,43.857,45.86
2016-10-16 00:00:00,43.846,45.86
2016-10-17 00:00:00,43.837,45.86
2016-10-18 00:00:00,43.826,45.86
2016-10-19 00:00:00,43.831,45.86
2016-10-20 00:00:00,43.822,45.86
2016-10-21 00:00:00,43.813,45.86
2016-10-22 00:00:00,43.805,45.86
2016-10-23 00:00:00,43.823,45.86
2016-10-24 00:00:00,43.813,45.86
2016-10-25 00:00:00,43.802,45.86
2016-10-26 00:00:00,43.794,45.86
2016-10-27 00:00:00,43.785,45.86
2016-10-28 00:00:00,43.785,45.86
2016-10-29 00:00:00,43.778,45.86
2016-10-30 00:00:00,43.77,45.86
2016-10-31 00:00:00,43.761,45.86
2016-11-01 00:00:00,43.749,45.86
2016-11-02 00:00:00,43.762,45.86
2016-11-03 00:00:00,43.773,45.86
2016-11-04 00:00:00,43.765,45.86
2016-11-05 00:00:00,43.769,45.86
2016-11-06 00:00:00,43.764,45.86
2016-11-07 00:00:00,43.811,45.86
2016-11-08 00:00:00,43.805,45.86
2016-11-09 00:00:00,43.798,45.86
2016-11-10 00:00:00,43.79,45.86
2016-11-11 00:00:00,43.782,45.86
2016-11-12 00:00:00,43.773,45.86
2016-11-13 00:00:00,43.763,45.86
2016-11-14 00:00:00,43.754,45.86
2016-11-15 00:00:00,43.789,45.86
2016-11-16 00:00:00,43.78,45.86
2016-11-17 00:00:00,43.772,45.86
2016-11-18 00:00:00,43.763,45.86
2016-11-19 00:00:00,43.756,45.86
2016-11-20 00:00:00,43.75,45.86
2016-11-21 00:00:00,43.753,45.86
2016-11-22 00:00:00,43.747,45.86
2016-11-23 00:00:00,43.739,45.86
2016-11-24 00:00:00,43.736,45.86
2016-11-25 00:00:00,43.729,45.86
2016-11-26 00:00:00,43.744,45.86
2016-11-27 00:00:00,43.749,45.86
2016-11-28 00:00:00,43.743,45.86
2016-11-29 00:00:00,43.748,45.86
2016-11-30 00:00:00,43.738,45.86
2016-12-01 00:00:00,43.733,45.86
2016-12-02 00:00:00,43.732,45.86
2016-12-03 00:00:00,43.718,45.86
2016-12-04 00:00:00,43.712,45.86
2016-12-05 00:00:00,43.703,45.86
2016-12-06 00:00:00,43.696,45.86
2016-12-07 00:00:00,43.688,45.86
2016-12-08 00:00:00,43.68,45.86
2016-12-09 00:00:00,43.673,45.86
2016-12-10 00:00:00,43.662,45.86
2016-12-11 00:00:00,43.656,45.86
2016-12-12 00:00:00,43.665,45.86
2016-12-13 00:00:00,43.653,45.86
2016-12-14 00:00:00,43.652,45.86
2016-12-15 00:00:00,43.651,45.86
2016-12-16 00:00:00,43.646,45.86
2016-12-17 00:00:00,43.64,45.86
2016-12-18 00:00:00,43.643,45.86
2016-12-19 00:00:00,43.645,45.86
2016-12-20 00:00:00,43.644,45.86
2016-12-21 00:00:00,43.664,45.86
2016-12-22 00:00:00,43.703,45.86
2016-12-23 00:00:00,43.798,45.86
2016-12-24 00:00:00,43.795,45.86
2016-12-25 00:00:00,43.822,45.86
2016-12-26 00:00:00,43.818,45.86
2016-12-27 00:00:00,43.818,45.86
2016-12-28 00:00:00,43.827,45.86
2016-12-29 00:00:00,43.863,45.86
2016-12-30 00:00:00,43.866,45.86
2016-12-31 00:00:00,43.955,45.86
2017-01-01 00:00:00,43.981,45.86
2017-01-02 00:00:00,44.022,45.86
2017-01-03 00:00:00,44.228,45.86
2017-01-04 00:00:00,44.258,45.86
2017-01-05 00:00:00,44.293,45.86
2017-01-06 00:00:00,44.301,45.86
2017-01-07 00:00:00,44.304,45.86
2017-01-08 00:00:00,44.304,45.86
2017-01-09 00:00:00,44.3,45.86
2017-01-10 00:00:00,44.299,45.86
2017-01-11 00:00:00,44.299,45.86
2017-01-12 00:00:00,44.3,45.86
2017-01-13 00:00:00,44.302,45.86
2017-01-14 00:00:00,44.299,45.86
2017-01-15 00:00:00,44.319,45.86
2017-01-16 00:00:00,44.327,45.86
2017-01-17 00:00:00,44.328,45.86
2017-01-18 00:00:00,44.325,45.86
2017-01-19 00:00:00,44.336,45.86
2017-01-20 00:00:00,44.345,45.86
2017-01-21 00:00:00,44.379,45.86
2017-01-22 00:00:00,44.409,45.86
2017-01-23 00:00:00,44.426,45.86
2017-01-24 00:00:00,44.44,45.86
2017-01-25 00:00:00,44.483,45.86
2017-01-26 00:00:00,44.525,45.86
2017-01-27 00:00:00,44.553,45.86
2017-01-28 00:00:00,44.56,45.86
2017-01-29 00:00:00,44.579,45.86
2017-01-30 00:00:00,44.63,45.86
2017-01-31 00:00:00,44.659,45.86
2017-02-01 00:00:00,44.665,45.86
2017-02-02 00:00:00,44.666,45.86
2017-02-03 00:00:00,44.678,45.86
2017-02-04 00:00:00,44.689,45.86
2017-02-05 00:00:00,44.761,45.86
2017-02-06 00:00:00,45.194,45.86
2017-02-07 00:00:00,45.432,45.86
2017-02-08 00:00:00,45.551,45.86
2017-02-09 00:00:00,45.641,45.86
2017-02-10 00:00:00,45.766,45.86
2017-02-11 00:00:00,45.861,45.86
2017-02-12 00:00:00,45.892,45.86
2017-02-13 00:00:00,45.924,45.86
2017-02-14 00:00:00,46.006,45.86
2017-02-15 00:00:00,45.978,45.86
2017-02-16 00:00:00,45.955,45.86
2017-02-17 00:00:00,45.935,45.86
2017-02-18 00:00:00,45.92,45.86
2017-02-19 00:00:00,45.91,45.86
2017-02-20 00:00:00,45.912,45.86
2017-02-21 00:00:00,45.902,45.86
2017-02-22 00:00:00,45.894,45.86
2017-02-23 00:00:00,45.885,45.86
2017-02-24 00:00:00,45.877,45.86
2017-02-25 00:00:00,45.873,45.86
2017-02-26 00:00:00,45.867,45.86
2017-02-27 00:00:00,45.866,45.86
2017-02-28 00:00:00,45.867,45.86
2017-03-01 00:00:00,45.858,45.86
2017-03-02 00:00:00,45.853,45.86
2017-03-03 00:00:00,45.846,45.86
2017-03-04 00:00:00,45.839,45.86
2017-03-05 00:00:00,45.871,45.86
2017-03-06 00:00:00,45.89,45.86
2017-03-07 00:00:00,45.911,45.86
2017-03-08 00:00:00,45.946,45.86
2017-03-09 00:00:00,45.951,45.86
2017-03-10 00:00:00,45.931,45.86
2017-03-11 00:00:00,45.93,45.86
2017-03-12 00:00:00,45.936,45.86
2017-03-13 00:00:00,45.923,45.86
2017-03-14 00:00:00,45.922,45.86
2017-03-15 00:00:00,45.919,45.86
2017-03-16 00:00:00,45.914,45.86
2017-03-17 00:00:00,45.904,45.86
2017-03-18 00:00:00,45.902,45.86
2017-03-19 00:00:00,45.903,45.86
2017-03-20 00:00:00,45.902,45.86
2017-03-21 00:00:00,45.923,45.86
2017-03-22 00:00:00,45.939,45.86
2017-03-23 00:00:00,45.929,45.86
2017-03-24 00:00:00,45.96,45.86
2017-03-25 00:00:00,45.962,45.86
2017-03-26 00:00:00,45.958,45.86
2017-03-27 00:00:00,45.95,45.86
2017-03-28 00:00:00,45.952,45.86
2017-03-29 00:00:00,45.933,45.86
2017-03-30 00:00:00,45.929,45.86
2017-03-31 00:00:00,45.917,45.86
2017-04-01 00:00:00,45.91,45.86
2017-04-02 00:00:00,45.897,45.86
2017-04-03 00:00:00,45.883,45.86
2017-04-04 00:00:00,45.872,45.86
2017-04-05 00:00:00,45.867,45.86
2017-04-06 00:00:00,45.865,45.86
2017-04-07 00:00:00,45.884,45.86
2017-04-08 00:00:00,45.895,45.86
2017-04-09 00:00:00,45.884,45.86
2017-04-10 00:00:00,45.872,45.86
2017-04-11 00:00:00,45.852,45.86
2017-04-12 00:00:00,45.868,45.86
2017-04-13 00:00:00,45.884,45.86
2017-04-14 00:00:00,45.879,45.86
2017-04-15 00:00:00,45.88,45.86
2017-04-16 00:00:00,45.878,45.86
2017-04-17 00:00:00,45.874,45.86
2017-04-18 00:00:00,45.874,45.86
2017-04-19 00:00:00,45.872,45.86
2017-04-20 00:00:00,45.868,45.86
2017-04-21 00:00:00,45.862,45.86
2017-04-22 00:00:00,45.856,45.86
2017-04-23 00:00:00,45.851,45.86
2017-04-24 00:00:00,45.845,45.86
2017-04-25 00:00:00,45.839,45.86
2017-04-26 00:00:00,45.834,45.86
2017-04-27 00:00:00,45.826,45.86
2017-04-28 00:00:00,45.817,45.86
2017-04-29 00:00:00,45.807,45.86
2017-04-30 00:00:00,45.796,45.86
2017-05-01 00:00:00,45.79,45.86
2017-05-02 00:00:00,45.785,45.86
2017-05-03 00:00:00,45.781,45.86
2017-05-04 00:00:00,45.776,45.86
2017-05-05 00:00:00,45.768,45.86
2017-05-06 00:00:00,45.76,45.86
2017-05-07 00:00:00,45.754,45.86
2017-05-08 00:00:00,45.747,45.86
2017-05-09 00:00:00,45.739,45.86
2017-05-10 00:00:00,45.727,45.86
2017-05-11 00:00:00,45.716,45.86
2017-05-12 00:00:00,45.704,45.86
2017-05-13 00:00:00,45.7,45.86
2017-05-14 00:00:00,45.693,45.86
2017-05-15 00:00:00,45.686,45.86
2017-05-16 00:00:00,45.678,45.86
2017-05-17 00:00:00,45.673,45.86
2017-05-18 00:00:00,45.666,45.86
2017-05-19 00:00:00,45.662,45.86
2017-05-20 00:00:00,45.656,45.86
2017-05-21 00:00:00,45.651,45.86
2017-05-22 00:00:00,45.644,45.86
2017-05-23 00:00:00,45.637,45.86
2017-05-24 00:00:00,45.632,45.86
2017-05-25 00:00:00,45.623,45.86
2017-05-26 00:00:00,45.615,45.86
2017-05-27 00:00:00,45.605,45.86
2017-05-28 00:00:00,45.596,45.86
2017-05-29 00:00:00,45.588,45.86
2017-05-30 00:00:00,45.578,45.86
2017-05-31 00:00:00,45.566,45.86
2017-06-01 00:00:00,45.552,45.86
2017-06-02 00:00:00,45.537,45.86
2017-06-03 00:00:00,45.528,45.86
2017-06-04 00:00:00,45.517,45.86
2017-06-05 00:00:00,45.51,45.86
2017-06-06 00:00:00,45.504,45.86
2017-06-07 00:00:00,45.495,45.86
2017-06-08 00:00:00,45.485,45.86
2017-06-09 00:00:00,45.471,45.86
2017-06-10 00:00:00,45.459,45.86
2017-06-11 00:00:00,45.449,45.86
2017-06-12 00:00:00,45.437,45.86
2017-06-13 00:00:00,45.426,45.86
2017-06-14 00:00:00,45.418,45.86
2017-06-15 00:00:00,45.411,45.86
2017-06-16 00:00:00,45.405,45.86
2017-06-17 00:00:00,45.399,45.86
2017-06-18 00:00:00,45.393,45.86
2017-06-19 00:00:00,45.387,45.86
2017-06-20 00:00:00,45.381,45.86
2017-06-21 00:00:00,45.373,45.86
2017-06-22 00:00:00,45.366,45.86
2017-06-23 00:00:00,45.36,45.86
2017-06-24 00:00:00,45.353,45.86
2017-06-25 00:00:00,45.347,45.86
2017-06-26 00:00:00,45.341,45.86
2017-06-27 00:00:00,45.333,45.86
2017-06-28 00:00:00,45.329,45.86
2017-06-29 00:00:00,45.324,45.86
2017-06-30 00:00:00,45.32,45.86
2017-07-01 00:00:00,45.308,45.86
2017-07-02 00:00:00,45.297,45.86
2017-07-03 00:00:00,45.291,45.86
2017-07-04 00:00:00,45.286,45.86
2017-07-05 00:00:00,45.279,45.86
2017-07-06 00:00:00,45.273,45.86
2017-07-07 00:00:00,45.268,45.86
2017-07-08 00:00:00,45.263,45.86
2017-07-09 00:00:00,45.258,45.86
2017-07-10 00:00:00,45.251,45.86
2017-07-11 00:00:00,45.243,45.86
2017-07-12 00:00:00,45.237,45.86
2017-07-13 00:00:00,45.226,45.86
2017-07-14 00:00:00,45.218,45.86
2017-07-15 00:00:00,45.21,45.86
2017-07-16 00:00:00,45.201,45.86
2017-07-17 00:00:00,45.194,45.86
2017-07-18 00:00:00,45.187,45.86
2017-07-19 00:00:00,45.179,45.86
2017-07-20 00:00:00,45.172,45.86
2017-07-21 00:00:00,45.162,45.86
2017-07-22 00:00:00,45.153,45.86
2017-07-23 00:00:00,45.145,45.86
2017-07-24 00:00:00,45.136,45.86
2017-07-25 00:00:00,45.126,45.86
2017-07-26 00:00:00,45.118,45.86
2017-07-27 00:00:00,45.113,45.86
2017-07-28 00:00:00,45.103,45.86
2017-07-29 00:00:00,45.096,45.86
2017-07-30 00:00:00,45.092,45.86
2017-07-31 00:00:00,45.084,45.86
2017-08-01 00:00:00,45.078,45.86
2017-08-02 00:00:00,45.07,45.86
2017-08-03 00:00:00,45.062,45.86
2017-08-04 00:00:00,45.05,45.86
2017-08-05 00:00:00,45.04,45.86
2017-08-06 00:00:00,45.034,45.86
2017-08-07 00:00:00,45.027,45.86
2017-08-08 00:00:00,45.021,45.86
2017-08-09 00:00:00,45.012,45.86
2017-08-10 00:00:00,45.004,45.86
2017-08-11 00:00:00,44.999,45.86
2017-08-12 00:00:00,44.992,45.86
2017-08-13 00:00:00,44.983,45.86
2017-08-14 00:00:00,44.977,45.86
2017-08-15 00:00:00,44.967,45.86
2017-08-16 00:00:00,44.961,45.86
2017-08-17 00:00:00,44.954,45.86
2017-08-18 00:00:00,44.948,45.86
2017-08-19 00:00:00,44.939,45.86
2017-08-20 00:00:00,44.929,45.86
2017-08-21 00:00:00,44.922,45.86
2017-08-22 00:00:00,44.912,45.86
2017-08-23 00:00:00,44.904,45.86
2017-08-24 00:00:00,44.894,45.86
2017-08-25 00:00:00,44.885,45.86
2017-08-26 00:00:00,44.876,45.86
2017-08-27 00:00:00,44.866,45.86
2017-08-28 00:00:00,44.852,45.86
2017-08-29 00:00:00,44.839,45.86
2017-08-30 00:00:00,44.828,45.86
2017-08-31 00:00:00,44.818,45.86
2017-09-01 00:00:00,44.807,45.86
2017-09-02 00:00:00,44.8,45.86
2017-09-03 00:00:00,44.794,45.86
2017-09-04 00:00:00,44.785,45.86
2017-09-05 00:00:00,44.778,45.86
2017-09-06 00:00:00,44.769,45.86
2017-09-07 00:00:00,44.76,45.86
2017-09-08 00:00:00,44.747,45.86
2017-09-09 00:00:00,44.736,45.86
2017-09-10 00:00:00,44.724,45.86
2017-09-11 00:00:00,44.717,45.86
2017-09-12 00:00:00,44.709,45.86
2017-09-13 00:00:00,44.701,45.86
2017-09-14 00:00:00,44.695,45.86
2017-09-15 00:00:00,44.686,45.86
2017-09-16 00:00:00,44.676,45.86
2017-09-17 00:00:00,44.664,45.86
2017-09-18 00:00:00,44.655,45.86
2017-09-19 00:00:00,44.646,45.86
2017-09-20 00:00:00,44.637,45.86
2017-09-21 00:00:00,44.629,45.86
2017-09-22 00:00:00,44.621,45.86
2017-09-23 00:00:00,44.613,45.86
2017-09-24 00:00:00,44.603,45.86
2017-09-25 00:00:00,44.593,45.86
2017-09-26 00:00:00,44.585,45.86
2017-09-27 00:00:00,44.575,45.86
2017-09-28 00:00:00,44.564,45.86
2017-09-29 00:00:00,44.557,45.86
2017-09-30 00:00:00,44.548,45.86
2017-10-01 00:00:00,44.54,45.86
2017-10-02 00:00:00,44.534,45.86
2017-10-03 00:00:00,44.525,45.86
2017-10-04 00:00:00,44.516,45.86
2017-10-05 00:00:00,44.508,45.86
2017-10-06 00:00:00,44.498,45.86
2017-10-07 00:00:00,44.49,45.86
2017-10-08 00:00:00,44.484,45.86
2017-10-09 00:00:00,44.474,45.86
2017-10-10 00:00:00,44.462,45.86
2017-10-11 00:00:00,44.455,45.86
2017-10-12 00:00:00,44.45,45.86
2017-10-13 00:00:00,44.44,45.86
2017-10-14 00:00:00,44.432,45.86
2017-10-15 00:00:00,44.425,45.86
2017-10-16 00:00:00,44.422,45.86
2017-10-17 00:00:00,44.423,45.86
2017-10-18 00:00:00,44.445,45.86
2017-10-19 00:00:00,44.44,45.86
2017-10-20 00:00:00,44.432,45.86
2017-10-21 00:00:00,44.431,45.86
2017-10-22 00:00:00,44.424,45.86
2017-10-23 00:00:00,44.418,45.86
2017-10-24 00:00:00,44.408,45.86
2017-10-25 00:00:00,44.401,45.86
2017-10-26 00:00:00,44.393,45.86
2017-10-27 00:00:00,44.384,45.86
2017-10-28 00:00:00,44.403,45.86
2017-10-29 00:00:00,44.398,45.86
2017-10-30 00:00:00,44.389,45.86
2017-10-31 00:00:00,44.379,45.86
2017-11-01 00:00:00,44.371,45.86
2017-11-02 00:00:00,44.364,45.86
2017-11-03 00:00:00,44.353,45.86
2017-11-04 00:00:00,44.344,45.86
2017-11-05 00:00:00,44.335,45.86
2017-11-06 00:00:00,44.327,45.86
2017-11-07 00:00:00,44.327,45.86
2017-11-08 00:00:00,44.32,45.86
2017-11-09 00:00:00,44.311,45.86
2017-11-10 00:00:00,44.303,45.86
2017-11-11 00:00:00,44.294,45.86
2017-11-12 00:00:00,44.299,45.86
2017-11-13 00:00:00,44.297,45.86
2017-11-14 00:00:00,44.296,45.86
2017-11-15 00:00:00,44.289,45.86
2017-11-16 00:00:00,44.279,45.86
2017-11-17 00:00:00,44.28,45.86
2017-11-18 00:00:00,44.275,45.86
2017-11-19 00:00:00,44.264,45.86
2017-11-20 00:00:00,44.254,45.86
2017-11-21 00:00:00,44.251,45.86
2017-11-22 00:00:00,44.254,45.86
2017-11-23 00:00:00,44.269,45.86
2017-11-24 00:00:00,44.261,45.86
2017-11-25 00:00:00,44.255,45.86
2017-11-26 00:00:00,44.245,45.86
2017-11-27 00:00:00,44.267,45.86
2017-11-28 00:00:00,44.264,45.86
2017-11-29 00:00:00,44.254,45.86
2017-11-30 00:00:00,44.247,45.86
2017-12-01 00:00:00,44.238,45.86
2017-12-02 00:00:00,44.23,45.86
2017-12-03 00:00:00,44.219,45.86
2017-12-04 00:00:00,44.254,45.86
2017-12-05 00:00:00,44.246,45.86
2017-12-06 00:00:00,44.236,45.86
2017-12-07 00:00:00,44.229,45.86
2017-12-08 00:00:00,44.221,45.86
2017-12-09 00:00:00,44.214,45.86
2017-12-10 00:00:00,44.204,45.86
2017-12-11 00:00:00,44.2,45.86
2017-12-12 00:00:00,44.192,45.86
2017-12-13 00:00:00,44.184,45.86
2017-12-14 00:00:00,44.175,45.86
2017-12-15 00:00:00,44.165,45.86
2017-12-16 00:00:00,44.164,45.86
2017-12-17 00:00:00,44.159,45.86
2017-12-18 00:00:00,44.151,45.86
2017-12-19 00:00:00,44.154,45.86
2017-12-20 00:00:00,44.146,45.86
2017-12-21 00:00:00,44.134,45.86
2017-12-22 00:00:00,44.13,45.86
2017-12-23 00:00:00,44.134,45.86
2017-12-24 00:00:00,44.133,45.86
2017-12-25 00:00:00,44.134,45.86
2017-12-26 00:00:00,44.134,45.86
2017-12-27 00:00:00,44.13,45.86
2017-12-28 00:00:00,44.125,45.86
2017-12-29 00:00:00,44.118,45.86
2017-12-30 00:00:00,44.122,45.86
2017-12-31 00:00:00,44.115,45.86
2018-01-01 00:00:00,44.109,45.86
2018-01-02 00:00:00,44.136,45.86
2018-01-03 00:00:00,44.127,45.86
2018-01-04 00:00:00,44.122,45.86
2018-01-05 00:00:00,44.142,45.86
2018-01-06 00:00:00,44.218,45.86
2018-01-07 00:00:00,44.23,45.86
2018-01-08 00:00:00,44.254,45.86
2018-01-09 00:00:00,44.278,45.86
2018-01-10 00:00:00,44.29,45.86
2018-01-11 00:00:00,44.286,45.86
2018-01-12 00:00:00,44.292,45.86
2018-01-13 00:00:00,44.293,45.86
2018-01-14 00:00:00,44.287,45.86
2018-01-15 00:00:00,44.278,45.86
2018-01-16 00:00:00,44.279,45.86
2018-01-17 00:00:00,44.271,45.86
2018-01-18 00:00:00,44.268,45.86
2018-01-19 00:00:00,44.268,45.86
2018-01-20 00:00:00,44.271,45.86
2018-01-21 00:00:00,44.269,45.86
2018-01-22 00:00:00,44.297,45.86
2018-01-23 00:00:00,44.392,45.86
2018-01-24 00:00:00,44.426,45.86
2018-01-25 00:00:00,44.432,45.86
2018-01-26 00:00:00,44.561,45.86
2018-01-27 00:00:00,44.641,45.86
2018-01-28 00:00:00,45.023,45.86
2018-01-29 00:00:00,45.333,45.86
2018-01-30 00:00:00,45.96,45.86
2018-01-31 00:00:00,46.115,45.86
2018-02-01 00:00:00,46.073,45.86
2018-02-02 00:00:00,46.018,45.86
2018-02-03 00:00:00,45.979,45.86
2018-02-04 00:00:00,45.957,45.86
2018-02-05 00:00:00,45.988,45.86
2018-02-06 00:00:00,46.022,45.86
2018-02-07 00:00:00,45.996,45.86
2018-02-08 00:00:00,45.967,45.86
2018-02-09 00:00:00,45.961,45.86
2018-02-10 00:00:00,46.011,45.86
2018-02-11 00:00:00,46.002,45.86
2018-02-12 00:00:00,45.979,45.86
2018-02-13 00:00:00,45.964,45.86
2018-02-14 00:00:00,46.087,45.86
2018-02-15 00:00:00,46.113,45.86
2018-02-16 00:00:00,46.061,45.86
2018-02-17 00:00:00,46.061,45.86
2018-02-18 00:00:00,46.039,45.86
2018-02-19 00:00:00,46.008,45.86
2018-02-20 00:00:00,45.98,45.86
2018-02-21 00:00:00,45.957,45.86
2018-02-22 00:00:00,45.94,45.86
2018-02-23 00:00:00,45.927,45.86
2018-02-24 00:00:00,45.953,45.86
2018-02-25 00:00:00,45.938,45.86
2018-02-26 00:00:00,45.924,45.86
2018-02-27 00:00:00,45.913,45.86
2018-02-28 00:00:00,45.907,45.86
2018-03-01 00:00:00,45.899,45.86
2018-03-02 00:00:00,45.912,45.86
2018-03-03 00:00:00,45.912,45.86
2018-03-04 00:00:00,45.911,45.86
2018-03-05 00:00:00,45.906,45.86
2018-03-06 00:00:00,45.9,45.86
2018-03-07 00:00:00,45.896,45.86
2018-03-08 00:00:00,45.897,45.86
2018-03-09 00:00:00,45.892,45.86
2018-03-10 00:00:00,45.883,45.86
2018-03-11 00:00:00,45.88,45.86
2018-03-12 00:00:00,45.882,45.86
2018-03-13 00:00:00,45.92,45.86
2018-03-14 00:00:00,45.905,45.86
2018-03-15 00:00:00,45.891,45.86
2018-03-16 00:00:00,45.879,45.86
2018-03-17 00:00:00,45.867,45.86
2018-03-18 00:00:00,45.87,45.86
2018-03-19 00:00:00,45.873,45.86
2018-03-20 00:00:00,45.87,45.86
2018-03-21 00:00:00,45.885,45.86
2018-03-22 00:00:00,45.881,45.86
2018-03-23 00:00:00,45.878,45.86
2018-03-24 00:00:00,45.872,45.86
2018-03-25 00:00:00,45.879,45.86
2018-03-26 00:00:00,45.876,45.86
2018-03-27 00:00:00,45.878,45.86
2018-03-28 00:00:00,45.879,45.86
2018-03-29 00:00:00,45.874,45.86
2018-03-30 00:00:00,45.869,45.86
2018-03-31 00:00:00,45.862,45.86
2018-04-01 00:00:00,45.862,45.86
2018-04-02 00:00:00,45.858,45.86
2018-04-03 00:00:00,45.854,45.86
2018-04-04 00:00:00,45.85,45.86
2018-04-05 00:00:00,45.846,45.86
2018-04-06 00:00:00,45.841,45.86
2018-04-07 00:00:00,45.846,45.86
2018-04-08 00:00:00,45.862,45.86
2018-04-09 00:00:00,45.856,45.86
2018-04-10 00:00:00,45.852,45.86
2018-04-11 00:00:00,45.847,45.86
2018-04-12 00:00:00,45.848,45.86
2018-04-13 00:00:00,45.843,45.86
2018-04-14 00:00:00,45.838,45.86
2018-04-15 00:00:00,45.834,45.86
2018-04-16 00:00:00,45.825,45.86
2018-04-17 00:00:00,45.814,45.86
2018-04-18 00:00:00,45.802,45.86
2018-04-19 00:00:00,45.798,45.86
2018-04-20 00:00:00,45.802,45.86
2018-04-21 00:00:00,45.794,45.86
2018-04-22 00:00:00,45.785,45.86
2018-04-23 00:00:00,45.776,45.86
2018-04-24 00:00:00,45.769,45.86
2018-04-25 00:00:00,45.762,45.86
2018-04-26 00:00:00,45.751,45.86
2018-04-27 00:00:00,45.742,45.86
2018-04-28 00:00:00,45.736,45.86
2018-04-29 00:00:00,45.727,45.86
2018-04-30 00:00:00,45.717,45.86
2018-05-01 00:00:00,45.71,45.86
2018-05-02 00:00:00,45.702,45.86
2018-05-03 00:00:00,45.713,45.86
2018-05-04 00:00:00,45.705,45.86
2018-05-05 00:00:00,45.7,45.86
2018-05-06 00:00:00,45.69,45.86
2018-05-07 00:00:00,45.68,45.86
2018-05-08 00:00:00,45.669,45.86
2018-05-09 00:00:00,45.66,45.86
2018-05-10 00:00:00,45.651,45.86
2018-05-11 00:00:00,45.641,45.86
2018-05-12 00:00:00,45.633,45.86
2018-05-13 00:00:00,45.616,45.86
2018-05-14 00:00:00,45.599,45.86
2018-05-15 00:00:00,45.586,45.86
2018-05-16 00:00:00,45.572,45.86
2018-05-17 00:00:00,45.559,45.86
2018-05-18 00:00:00,45.547,45.86
2018-05-19 00:00:00,45.534,45.86
2018-05-20 00:00:00,45.525,45.86
2018-05-21 00:00:00,45.518,45.86
2018-05-22 00:00:00,45.511,45.86
2018-05-23 00:00:00,45.501,45.86
2018-05-24 00:00:00,45.492,45.86
2018-05-25 00:00:00,45.484,45.86
2018-05-26 00:00:00,45.478,45.86
2018-05-27 00:00:00,45.471,45.86
2018-05-28 00:00:00,45.465,45.86
2018-05-29 00:00:00,45.459,45.86
2018-05-30 00:00:00,45.451,45.86
2018-05-31 00:00:00,45.443,45.86
2018-06-01 00:00:00,45.433,45.86
2018-06-02 00:00:00,45.426,45.86
2018-06-03 00:00:00,45.419,45.86
2018-06-04 00:00:00,45.41,45.86
2018-06-05 00:00:00,45.399,45.86
2018-06-06 00:00:00,45.388,45.86
2018-06-07 00:00:00,45.379,45.86
2018-06-08 00:00:00,45.372,45.86
2018-06-09 00:00:00,45.368,45.86
2018-06-10 00:00:00,45.362,45.86
2018-06-11 00:00:00,45.356,45.86
2018-06-12 00:00:00,45.35,45.86
2018-06-13 00:00:00,45.344,45.86
2018-06-14 00:00:00,45.338,45.86
2018-06-15 00:00:00,45.332,45.86
2018-06-16 00:00:00,45.326,45.86
2018-06-17 00:00:00,45.322,45.86
2018-06-18 00:00:00,45.306,45.86
2018-06-19 00:00:00,45.293,45.86
2018-06-20 00:00:00,45.283,45.86
2018-06-21 00:00:00,45.277,45.86
2018-06-22 00:00:00,45.27,45.86
2018-06-23 00:00:00,45.26,45.86
2018-06-24 00:00:00,45.25,45.86
2018-06-25 00:00:00,45.243,45.86
2018-06-26 00:00:00,45.236,45.86
2018-06-27 00:00:00,45.23,45.86
2018-06-28 00:00:00,45.222,45.86
2018-06-29 00:00:00,45.212,45.86
2018-06-30 00:00:00,45.205,45.86
2018-07-01 00:00:00,45.199,45.86
2018-07-02 00:00:00,45.192,45.86
2018-07-03 00:00:00,45.184,45.86
2018-07-04 00:00:00,45.175,45.86
2018-07-05 00:00:00,45.166,45.86
2018-07-06 00:00:00,45.16,45.86
2018-07-07 00:00:00,45.156,45.86
2018-07-08 00:00:00,45.149,45.86
2018-07-09 00:00:00,45.138,45.86
2018-07-10 00:00:00,45.127,45.86
2018-07-11 00:00:00,45.117,45.86
2018-07-12 00:00:00,45.108,45.86
2018-07-13 00:00:00,45.099,45.86
2018-07-14 00:00:00,45.092,45.86
2018-07-15 00:00:00,45.087,45.86
2018-07-16 00:00:00,45.08,45.86
2018-07-17 00:00:00,45.073,45.86
2018-07-18 00:00:00,45.067,45.86
2018-07-19 00:00:00,45.06,45.86
2018-07-20 00:00:00,45.055,45.86
2018-07-21 00:00:00,45.047,45.86
2018-07-22 00:00:00,45.038,45.86
2018-07-23 00:00:00,45.028,45.86
2018-07-24 00:00:00,45.02,45.86
2018-07-25 00:00:00,45.012,45.86
2018-07-26 00:00:00,45.007,45.86
2018-07-27 00:00:00,44.999,45.86
2018-07-28 00:00:00,44.994,45.86
2018-07-29 00:00:00,44.988,45.86
2018-07-30 00:00:00,44.982,45.86
2018-07-31 00:00:00,44.976,45.86
2018-08-01 00:00:00,44.967,45.86
2018-08-02 00:00:00,44.96,45.86
2018-08-03 00:00:00,44.955,45.86
2018-08-04 00:00:00,44.949,45.86
2018-08-05 00:00:00,44.939,45.86
2018-08-06 00:00:00,44.933,45.86
2018-08-07 00:00:00,44.922,45.86
2018-08-08 00:00:00,44.91,45.86
2018-08-09 00:00:00,44.9,45.86
2018-08-10 00:00:00,44.89,45.86
2018-08-11 00:00:00,44.883,45.86
2018-08-12 00:00:00,44.876,45.86
2018-08-13 00:00:00,44.863,45.86
2018-08-14 00:00:00,44.849,45.86
2018-08-15 00:00:00,44.834,45.86
2018-08-16 00:00:00,44.829,45.86
2018-08-17 00:00:00,44.823,45.86
2018-08-18 00:00:00,44.815,45.86
2018-08-19 00:00:00,44.809,45.86
2018-08-20 00:00:00,44.801,45.86
2018-08-21 00:00:00,44.79,45.86
2018-08-22 00:00:00,44.781,45.86
2018-08-23 00:00:00,44.774,45.86
2018-08-24 00:00:00,44.766,45.86
2018-08-25 00:00:00,44.76,45.86
2018-08-26 00:00:00,44.752,45.86
2018-08-27 00:00:00,44.743,45.86
2018-08-28 00:00:00,44.737,45.86
2018-08-29 00:00:00,44.73,45.86
2018-08-30 00:00:00,44.722,45.86
2018-08-31 00:00:00,44.714,45.86
2018-09-01 00:00:00,44.707,45.86
2018-09-02 00:00:00,44.701,45.86
2018-09-03 00:00:00,44.695,45.86
2018-09-04 00:00:00,44.686,45.86
2018-09-05 00:00:00,44.676,45.86
2018-09-06 00:00:00,44.669,45.86
2018-09-07 00:00:00,44.66,45.86
2018-09-08 00:00:00,44.651,45.86
2018-09-09 00:00:00,44.644,45.86
2018-09-10 00:00:00,44.635,45.86
2018-09-11 00:00:00,44.625,45.86
2018-09-12 00:00:00,44.617,45.86
2018-09-13 00:00:00,44.606,45.86
2018-09-14 00:00:00,44.596,45.86
2018-09-15 00:00:00,44.589,45.86
2018-09-16 00:00:00,44.58,45.86
2018-09-17 00:00:00,44.571,45.86
2018-09-18 00:00:00,44.56,45.86
2018-09-19 00:00:00,44.551,45.86
2018-09-20 00:00:00,44.541,45.86
2018-09-21 00:00:00,44.532,45.86
2018-09-22 00:00:00,44.521,45.86
2018-09-23 00:00:00,44.511,45.86
2018-09-24 00:00:00,44.501,45.86
2018-09-25 00:00:00,44.493,45.86
2018-09-26 00:00:00,44.486,45.86
2018-09-27 00:00:00,44.475,45.86
2018-09-28 00:00:00,44.467,45.86
2018-09-29 00:00:00,44.457,45.86
2018-09-30 00:00:00,44.444,45.86
2018-10-01 00:00:00,44.431,45.86
2018-10-02 00:00:00,44.42,45.86
2018-10-03 00:00:00,44.408,45.86
2018-10-04 00:00:00,44.399,45.86
2018-10-05 00:00:00,44.391,45.86
2018-10-06 00:00:00,44.383,45.86
2018-10-07 00:00:00,44.374,45.86
2018-10-08 00:00:00,44.365,45.86
2018-10-09 00:00:00,44.354,45.86
2018-10-10 00:00:00,44.344,45.86
2018-10-11 00:00:00,44.335,45.86
2018-10-12 00:00:00,44.326,45.86
2018-10-13 00:00:00,44.315,45.86
2018-10-14 00:00:00,44.308,45.86
2018-10-15 00:00:00,44.299,45.86
2018-10-16 00:00:00,44.292,45.86
2018-10-17 00:00:00,44.289,45.86
2018-10-18 00:00:00,44.282,45.86
2018-10-19 00:00:00,44.276,45.86
2018-10-20 00:00:00,44.269,45.86
2018-10-21 00:00:00,44.264,45.86
2018-10-22 00:00:00,44.257,45.86
2018-10-23 00:00:00,44.247,45.86
