ISOTime,FLOW
01/01/2010 00:00:00,0.6
02/01/2010 00:00:00,0.54
03/01/2010 00:00:00,0.6
04/01/2010 00:00:00,0.55
05/01/2010 00:00:00,0.44
06/01/2010 00:00:00,0.57
07/01/2010 00:00:00,0.59
08/01/2010 00:00:00,0.63
09/01/2010 00:00:00,0.62
10/01/2010 00:00:00,0.58
11/01/2010 00:00:00,0.71
12/01/2010 00:00:00,0.7
13/01/2010 00:00:00,0.69
14/01/2010 00:00:00,0.66
15/01/2010 00:00:00,0.66
16/01/2010 00:00:00,0.68
17/01/2010 00:00:00,0.64
18/01/2010 00:00:00,0.72
19/01/2010 00:00:00,0.7
20/01/2010 00:00:00,0.67
21/01/2010 00:00:00,0.63
22/01/2010 00:00:00,0.67
23/01/2010 00:00:00,0.63
24/01/2010 00:00:00,0.64
25/01/2010 00:00:00,0.66
26/01/2010 00:00:00,0.73
27/01/2010 00:00:00,0.7
28/01/2010 00:00:00,0.66
29/01/2010 00:00:00,0.67
30/01/2010 00:00:00,0.64
31/01/2010 00:00:00,0.65
01/02/2010 00:00:00,0.66
02/02/2010 00:00:00,0.72
03/02/2010 00:00:00,0.71
04/02/2010 00:00:00,0.73
05/02/2010 00:00:00,0.71
06/02/2010 00:00:00,0.73
07/02/2010 00:00:00,0.71
08/02/2010 00:00:00,0.71
09/02/2010 00:00:00,0.75
10/02/2010 00:00:00,0.81
11/02/2010 00:00:00,0.83
12/02/2010 00:00:00,0.88
13/02/2010 00:00:00,0.71
14/02/2010 00:00:00,0.83
15/02/2010 00:00:00,0.87
16/02/2010 00:00:00,0.86
17/02/2010 00:00:00,0.84
18/02/2010 00:00:00,0.85
19/02/2010 00:00:00,0.78
20/02/2010 00:00:00,0.83
21/02/2010 00:00:00,0.84
22/02/2010 00:00:00,0.66
23/02/2010 00:00:00,0.78
24/02/2010 00:00:00,0.68
25/02/2010 00:00:00,0.65
26/02/2010 00:00:00,0.65
27/02/2010 00:00:00,0.64
28/02/2010 00:00:00,0.66
01/03/2010 00:00:00,0.71
02/03/2010 00:00:00,0.59
03/03/2010 00:00:00,0.7
04/03/2010 00:00:00,0.73
05/03/2010 00:00:00,0.69
06/03/2010 00:00:00,0.72
07/03/2010 00:00:00,0.82
08/03/2010 00:00:00,0.79
09/03/2010 00:00:00,0.62
10/03/2010 00:00:00,0.71
11/03/2010 00:00:00,0.76
12/03/2010 00:00:00,0.8
13/03/2010 00:00:00,0.82
14/03/2010 00:00:00,0.7
15/03/2010 00:00:00,0.71
16/03/2010 00:00:00,0.75
17/03/2010 00:00:00,0.91
18/03/2010 00:00:00,0.88
19/03/2010 00:00:00,0.9
20/03/2010 00:00:00,0.82
21/03/2010 00:00:00,0.84
22/03/2010 00:00:00,0.87
23/03/2010 00:00:00,0.84
24/03/2010 00:00:00,0.67
25/03/2010 00:00:00,0.8
26/03/2010 00:00:00,0.71
27/03/2010 00:00:00,0.77
28/03/2010 00:00:00,0.74
29/03/2010 00:00:00,0.84
30/03/2010 00:00:00,0.78
31/03/2010 00:00:00,0.95
01/04/2010 00:00:00,0.75
02/04/2010 00:00:00,0.74
03/04/2010 00:00:00,0.65
04/04/2010 00:00:00,0.71
05/04/2010 00:00:00,0.78
06/04/2010 00:00:00,0.63
07/04/2010 00:00:00,0.69
08/04/2010 00:00:00,0.59
09/04/2010 00:00:00,0.58
10/04/2010 00:00:00,0.61
11/04/2010 00:00:00,0.8
12/04/2010 00:00:00,0.67
13/04/2010 00:00:00,0.68
14/04/2010 00:00:00,0.66
15/04/2010 00:00:00,0.71
16/04/2010 00:00:00,0.73
17/04/2010 00:00:00,0.71
18/04/2010 00:00:00,0.74
19/04/2010 00:00:00,0.76
20/04/2010 00:00:00,0.83
21/04/2010 00:00:00,0.97
22/04/2010 00:00:00,1.01
23/04/2010 00:00:00,1.02
24/04/2010 00:00:00,0.97
25/04/2010 00:00:00,0.85
26/04/2010 00:00:00,0.89
27/04/2010 00:00:00,0.94
28/04/2010 00:00:00,0.86
29/04/2010 00:00:00,0.95
30/04/2010 00:00:00,0.88
01/05/2010 00:00:00,0.97
02/05/2010 00:00:00,0.82
03/05/2010 00:00:00,1.07
04/05/2010 00:00:00,0.98
05/05/2010 00:00:00,1.22
06/05/2010 00:00:00,1.01
07/05/2010 00:00:00,1.15
08/05/2010 00:00:00,1.12
09/05/2010 00:00:00,1.14
10/05/2010 00:00:00,1.2
11/05/2010 00:00:00,1.17
12/05/2010 00:00:00,1.24
13/05/2010 00:00:00,1.25
14/05/2010 00:00:00,1.26
15/05/2010 00:00:00,1.25
16/05/2010 00:00:00,1.28
17/05/2010 00:00:00,1.2
18/05/2010 00:00:00,1.06
19/05/2010 00:00:00,1.23
20/05/2010 00:00:00,1.11
21/05/2010 00:00:00,1.01
22/05/2010 00:00:00,1.02
23/05/2010 00:00:00,0.97
24/05/2010 00:00:00,1.09
25/05/2010 00:00:00,1.12
26/05/2010 00:00:00,1.14
27/05/2010 00:00:00,0.99
28/05/2010 00:00:00,1.06
29/05/2010 00:00:00,1.05
30/05/2010 00:00:00,0.95
31/05/2010 00:00:00,1.11
01/06/2010 00:00:00,1.08
02/06/2010 00:00:00,1.14
03/06/2010 00:00:00,1.11
04/06/2010 00:00:00,1.19
05/06/2010 00:00:00,1.18
06/06/2010 00:00:00,1.16
07/06/2010 00:00:00,1.27
08/06/2010 00:00:00,1.28
09/06/2010 00:00:00,1.31
10/06/2010 00:00:00,1.25
11/06/2010 00:00:00,1.24
12/06/2010 00:00:00,1.26
13/06/2010 00:00:00,1.21
14/06/2010 00:00:00,1.36
15/06/2010 00:00:00,1.29
16/06/2010 00:00:00,1.35
17/06/2010 00:00:00,1.36
18/06/2010 00:00:00,1.42
19/06/2010 00:00:00,1.42
20/06/2010 00:00:00,1.41
21/06/2010 00:00:00,1.53
22/06/2010 00:00:00,1.46
23/06/2010 00:00:00,1.58
24/06/2010 00:00:00,1.55
25/06/2010 00:00:00,1.55
26/06/2010 00:00:00,1.46
27/06/2010 00:00:00,1.47
28/06/2010 00:00:00,1.61
29/06/2010 00:00:00,1.61
30/06/2010 00:00:00,1.57
01/07/2010 00:00:00,1.48
02/07/2010 00:00:00,1.45
03/07/2010 00:00:00,1.44
04/07/2010 00:00:00,1.45
05/07/2010 00:00:00,1.5
06/07/2010 00:00:00,1.36
07/07/2010 00:00:00,1.45
08/07/2010 00:00:00,1.51
09/07/2010 00:00:00,1.54
10/07/2010 00:00:00,1.39
11/07/2010 00:00:00,1.41
12/07/2010 00:00:00,1.51
13/07/2010 00:00:00,1.48
14/07/2010 00:00:00,1.51
15/07/2010 00:00:00,1.48
16/07/2010 00:00:00,1.44
17/07/2010 00:00:00,1.51
18/07/2010 00:00:00,1.53
19/07/2010 00:00:00,1.65
20/07/2010 00:00:00,1.59
21/07/2010 00:00:00,1.63
22/07/2010 00:00:00,1.6
23/07/2010 00:00:00,1.6
24/07/2010 00:00:00,1.6
25/07/2010 00:00:00,1.62
26/07/2010 00:00:00,1.76
27/07/2010 00:00:00,1.67
28/07/2010 00:00:00,1.74
29/07/2010 00:00:00,1.58
30/07/2010 00:00:00,1.59
31/07/2010 00:00:00,1.64
01/08/2010 00:00:00,1.52
02/08/2010 00:00:00,1.59
03/08/2010 00:00:00,1.58
04/08/2010 00:00:00,1.54
05/08/2010 00:00:00,1.55
06/08/2010 00:00:00,1.51
07/08/2010 00:00:00,1.53
08/08/2010 00:00:00,1.49
09/08/2010 00:00:00,1.56
10/08/2010 00:00:00,1.72
11/08/2010 00:00:00,1.55
12/08/2010 00:00:00,1.62
13/08/2010 00:00:00,1.59
14/08/2010 00:00:00,1.58
15/08/2010 00:00:00,1.57
16/08/2010 00:00:00,1.6
17/08/2010 00:00:00,1.74
18/08/2010 00:00:00,1.56
19/08/2010 00:00:00,1.66
20/08/2010 00:00:00,1.56
21/08/2010 00:00:00,1.54
22/08/2010 00:00:00,1.6
23/08/2010 00:00:00,1.59
24/08/2010 00:00:00,1.66
25/08/2010 00:00:00,1.6
26/08/2010 00:00:00,1.61
27/08/2010 00:00:00,1.58
28/08/2010 00:00:00,1.5
29/08/2010 00:00:00,1.57
30/08/2010 00:00:00,1.62
31/08/2010 00:00:00,1.63
01/09/2010 00:00:00,1.59
02/09/2010 00:00:00,1.52
03/09/2010 00:00:00,1.52
04/09/2010 00:00:00,1.23
05/09/2010 00:00:00,1.01
06/09/2010 00:00:00,1.14
07/09/2010 00:00:00,1.21
08/09/2010 00:00:00,1.36
09/09/2010 00:00:00,1.26
10/09/2010 00:00:00,1.37
11/09/2010 00:00:00,1.35
12/09/2010 00:00:00,1.39
13/09/2010 00:00:00,1.44
14/09/2010 00:00:00,1.33
15/09/2010 00:00:00,1.45
16/09/2010 00:00:00,1.36
17/09/2010 00:00:00,1.44
18/09/2010 00:00:00,1.52
19/09/2010 00:00:00,1.4
20/09/2010 00:00:00,1.49
21/09/2010 00:00:00,1.34
22/09/2010 00:00:00,1.65
23/09/2010 00:00:00,1.25
24/09/2010 00:00:00,1.15
25/09/2010 00:00:00,1.19
26/09/2010 00:00:00,1.12
27/09/2010 00:00:00,1.55
28/09/2010 00:00:00,1.37
29/09/2010 00:00:00,1.25
30/09/2010 00:00:00,1.06
01/10/2010 00:00:00,1.03
02/10/2010 00:00:00,1.14
03/10/2010 00:00:00,1.23
04/10/2010 00:00:00,1.27
05/10/2010 00:00:00,1.28
06/10/2010 00:00:00,1.18
07/10/2010 00:00:00,1.03
08/10/2010 00:00:00,0.99
09/10/2010 00:00:00,0.93
10/10/2010 00:00:00,0.93
11/10/2010 00:00:00,0.87
12/10/2010 00:00:00,0.9
13/10/2010 00:00:00,0.8
14/10/2010 00:00:00,0.88
15/10/2010 00:00:00,0.87
16/10/2010 00:00:00,0.83
17/10/2010 00:00:00,0.78
18/10/2010 00:00:00,0.86
19/10/2010 00:00:00,0.95
20/10/2010 00:00:00,0.96
21/10/2010 00:00:00,0.91
22/10/2010 00:00:00,0.96
23/10/2010 00:00:00,0.98
24/10/2010 00:00:00,1.02
25/10/2010 00:00:00,1.07
26/10/2010 00:00:00,1.07
27/10/2010 00:00:00,1.04
28/10/2010 00:00:00,0.92
29/10/2010 00:00:00,1.05
30/10/2010 00:00:00,1
31/10/2010 00:00:00,0.86
01/11/2010 00:00:00,0.84
02/11/2010 00:00:00,0.7
03/11/2010 00:00:00,0.46
04/11/2010 00:00:00,1.16
05/11/2010 00:00:00,0.85
06/11/2010 00:00:00,0.88
07/11/2010 00:00:00,0.91
08/11/2010 00:00:00,0.96
09/11/2010 00:00:00,0.97
10/11/2010 00:00:00,0.94
11/11/2010 00:00:00,0.85
12/11/2010 00:00:00,0.98
13/11/2010 00:00:00,1.08
14/11/2010 00:00:00,1.04
15/11/2010 00:00:00,0.9
16/11/2010 00:00:00,0.86
17/11/2010 00:00:00,0.82
18/11/2010 00:00:00,0
19/11/2010 00:00:00,0.81
20/11/2010 00:00:00,0.85
21/11/2010 00:00:00,0.91
22/11/2010 00:00:00,0.94
23/11/2010 00:00:00,0.87
24/11/2010 00:00:00,0.91
25/11/2010 00:00:00,0.91
26/11/2010 00:00:00,0.92
27/11/2010 00:00:00,1
28/11/2010 00:00:00,0.92
29/11/2010 00:00:00,0.87
30/11/2010 00:00:00,0.84
01/12/2010 00:00:00,0.68
02/12/2010 00:00:00,0.62
03/12/2010 00:00:00,0.75
04/12/2010 00:00:00,0.78
05/12/2010 00:00:00,0.83
06/12/2010 00:00:00,0.91
07/12/2010 00:00:00,0.79
08/12/2010 00:00:00,0.76
09/12/2010 00:00:00,0.73
10/12/2010 00:00:00,0.78
11/12/2010 00:00:00,0.71
12/12/2010 00:00:00,0.67
13/12/2010 00:00:00,0.74
14/12/2010 00:00:00,0.62
15/12/2010 00:00:00,0.71
16/12/2010 00:00:00,0.66
17/12/2010 00:00:00,0.68
18/12/2010 00:00:00,0.7
19/12/2010 00:00:00,0.71
20/12/2010 00:00:00,0.76
21/12/2010 00:00:00,0.74
22/12/2010 00:00:00,0.7
23/12/2010 00:00:00,0.77
24/12/2010 00:00:00,0.63
25/12/2010 00:00:00,0.7
26/12/2010 00:00:00,0.62
27/12/2010 00:00:00,0.67
28/12/2010 00:00:00,0.73
29/12/2010 00:00:00,0.64
30/12/2010 00:00:00,0.67
31/12/2010 00:00:00,0.78
01/01/2011 00:00:00,0.62
02/01/2011 00:00:00,0.59
03/01/2011 00:00:00,0.71
04/01/2011 00:00:00,0.65
05/01/2011 00:00:00,0.67
06/01/2011 00:00:00,0.68
07/01/2011 00:00:00,0.53
08/01/2011 00:00:00,0.57
09/01/2011 00:00:00,0.6
10/01/2011 00:00:00,0.56
11/01/2011 00:00:00,0.62
12/01/2011 00:00:00,0
13/01/2011 00:00:00,0.56
14/01/2011 00:00:00,0.57
15/01/2011 00:00:00,0.59
16/01/2011 00:00:00,0.48
17/01/2011 00:00:00,0.64
18/01/2011 00:00:00,0.65
19/01/2011 00:00:00,0.67
20/01/2011 00:00:00,0.79
21/01/2011 00:00:00,0.84
22/01/2011 00:00:00,0.54
23/01/2011 00:00:00,0.56
24/01/2011 00:00:00,0.45
25/01/2011 00:00:00,0.56
26/01/2011 00:00:00,0.6
27/01/2011 00:00:00,0.63
28/01/2011 00:00:00,0.65
29/01/2011 00:00:00,0.72
30/01/2011 00:00:00,0.74
31/01/2011 00:00:00,0.51
01/02/2011 00:00:00,0.69
02/02/2011 00:00:00,0.65
03/02/2011 00:00:00,0.68
04/02/2011 00:00:00,0.8
05/02/2011 00:00:00,0.73
06/02/2011 00:00:00,0.68
07/02/2011 00:00:00,0.68
08/02/2011 00:00:00,0
09/02/2011 00:00:00,0.26
10/02/2011 00:00:00,0.97
11/02/2011 00:00:00,0.69
12/02/2011 00:00:00,0.64
13/02/2011 00:00:00,0.65
14/02/2011 00:00:00,0.58
15/02/2011 00:00:00,0.6
16/02/2011 00:00:00,1.07
17/02/2011 00:00:00,0.5
18/02/2011 00:00:00,0.73
19/02/2011 00:00:00,0.72
20/02/2011 00:00:00,0.73
21/02/2011 00:00:00,0.77
22/02/2011 00:00:00,0.69
23/02/2011 00:00:00,0.65
24/02/2011 00:00:00,0.63
25/02/2011 00:00:00,0.64
26/02/2011 00:00:00,0.64
27/02/2011 00:00:00,0.71
28/02/2011 00:00:00,0.68
01/03/2011 00:00:00,0.64
02/03/2011 00:00:00,0.66
03/03/2011 00:00:00,0.56
04/03/2011 00:00:00,0.54
05/03/2011 00:00:00,0.53
06/03/2011 00:00:00,0.55
07/03/2011 00:00:00,0.54
08/03/2011 00:00:00,0.43
09/03/2011 00:00:00,0.56
10/03/2011 00:00:00,0.54
11/03/2011 00:00:00,0.54
12/03/2011 00:00:00,0.6
13/03/2011 00:00:00,0.63
14/03/2011 00:00:00,0.63
15/03/2011 00:00:00,0.54
16/03/2011 00:00:00,0.31
17/03/2011 00:00:00,0.76
18/03/2011 00:00:00,0.71
19/03/2011 00:00:00,0.65
20/03/2011 00:00:00,0.69
21/03/2011 00:00:00,0.86
22/03/2011 00:00:00,0.71
23/03/2011 00:00:00,0.6
24/03/2011 00:00:00,0.65
25/03/2011 00:00:00,0.67
26/03/2011 00:00:00,0.73
27/03/2011 00:00:00,0.65
28/03/2011 00:00:00,0.7
29/03/2011 00:00:00,0.67
30/03/2011 00:00:00,0.67
31/03/2011 00:00:00,0.55
01/04/2011 00:00:00,0.57
02/04/2011 00:00:00,0.57
03/04/2011 00:00:00,0.51
04/04/2011 00:00:00,0.8
05/04/2011 00:00:00,0.55
06/04/2011 00:00:00,0.57
07/04/2011 00:00:00,0.59
08/04/2011 00:00:00,0.56
09/04/2011 00:00:00,0.51
10/04/2011 00:00:00,0.56
11/04/2011 00:00:00,0.31
12/04/2011 00:00:00,0.57
13/04/2011 00:00:00,0.52
14/04/2011 00:00:00,0.58
15/04/2011 00:00:00,0.78
16/04/2011 00:00:00,0.59
17/04/2011 00:00:00,0.64
18/04/2011 00:00:00,0.69
19/04/2011 00:00:00,0.83
20/04/2011 00:00:00,0.81
21/04/2011 00:00:00,0.77
22/04/2011 00:00:00,0.78
23/04/2011 00:00:00,0.79
24/04/2011 00:00:00,0.74
25/04/2011 00:00:00,0.85
26/04/2011 00:00:00,1
27/04/2011 00:00:00,0.95
28/04/2011 00:00:00,0.97
29/04/2011 00:00:00,1.08
30/04/2011 00:00:00,1.08
01/05/2011 00:00:00,1.04
02/05/2011 00:00:00,1.08
03/05/2011 00:00:00,1.14
04/05/2011 00:00:00,1.34
05/05/2011 00:00:00,1.12
06/05/2011 00:00:00,1.1
07/05/2011 00:00:00,1.11
08/05/2011 00:00:00,1.07
09/05/2011 00:00:00,1.06
10/05/2011 00:00:00,1.16
11/05/2011 00:00:00,1.16
12/05/2011 00:00:00,1.16
13/05/2011 00:00:00,1.12
14/05/2011 00:00:00,1.2
15/05/2011 00:00:00,1.2
16/05/2011 00:00:00,1.26
17/05/2011 00:00:00,1.31
18/05/2011 00:00:00,1.32
19/05/2011 00:00:00,1.32
20/05/2011 00:00:00,1.34
21/05/2011 00:00:00,1.31
22/05/2011 00:00:00,1.3
23/05/2011 00:00:00,1.36
24/05/2011 00:00:00,1.34
25/05/2011 00:00:00,1.34
26/05/2011 00:00:00,1.4
27/05/2011 00:00:00,1.35
28/05/2011 00:00:00,1.39
29/05/2011 00:00:00,1.37
30/05/2011 00:00:00,1.49
31/05/2011 00:00:00,1.54
01/06/2011 00:00:00,1.51
02/06/2011 00:00:00,1.23
03/06/2011 00:00:00,1.44
04/06/2011 00:00:00,1.31
05/06/2011 00:00:00,1.39
06/06/2011 00:00:00,1.54
07/06/2011 00:00:00,1.35
08/06/2011 00:00:00,1.49
09/06/2011 00:00:00,1.41
10/06/2011 00:00:00,1.37
11/06/2011 00:00:00,1.36
12/06/2011 00:00:00,1.26
13/06/2011 00:00:00,1.37
14/06/2011 00:00:00,1.43
15/06/2011 00:00:00,1.38
16/06/2011 00:00:00,1.39
17/06/2011 00:00:00,1.45
18/06/2011 00:00:00,1.43
19/06/2011 00:00:00,1.44
20/06/2011 00:00:00,1.5
21/06/2011 00:00:00,1.5
22/06/2011 00:00:00,1.5
23/06/2011 00:00:00,1.55
24/06/2011 00:00:00,1.59
25/06/2011 00:00:00,1.46
26/06/2011 00:00:00,1.51
27/06/2011 00:00:00,1.62
28/06/2011 00:00:00,1.62
29/06/2011 00:00:00,1.56
30/06/2011 00:00:00,1.53
01/07/2011 00:00:00,1.55
02/07/2011 00:00:00,1.3
03/07/2011 00:00:00,1.48
04/07/2011 00:00:00,1.45
05/07/2011 00:00:00,1.38
06/07/2011 00:00:00,1.46
07/07/2011 00:00:00,1.49
08/07/2011 00:00:00,1.53
09/07/2011 00:00:00,1.51
10/07/2011 00:00:00,1.47
11/07/2011 00:00:00,1.6
12/07/2011 00:00:00,1.5
13/07/2011 00:00:00,1.63
14/07/2011 00:00:00,1.58
15/07/2011 00:00:00,1.46
16/07/2011 00:00:00,1.43
17/07/2011 00:00:00,1.37
18/07/2011 00:00:00,1.68
19/07/2011 00:00:00,1.5
20/07/2011 00:00:00,1.5
21/07/2011 00:00:00,1.58
22/07/2011 00:00:00,1.43
23/07/2011 00:00:00,1.5
24/07/2011 00:00:00,1.5
25/07/2011 00:00:00,1.5
26/07/2011 00:00:00,1.64
27/07/2011 00:00:00,1.58
28/07/2011 00:00:00,1.5
29/07/2011 00:00:00,1.62
30/07/2011 00:00:00,1.41
31/07/2011 00:00:00,1.6
01/08/2011 00:00:00,1.5
02/08/2011 00:00:00,1.5
03/08/2011 00:00:00,1.53
04/08/2011 00:00:00,1.42
05/08/2011 00:00:00,1.46
06/08/2011 00:00:00,1.48
07/08/2011 00:00:00,1.49
08/08/2011 00:00:00,1.65
09/08/2011 00:00:00,1.59
10/08/2011 00:00:00,1.55
11/08/2011 00:00:00,1.64
12/08/2011 00:00:00,1.55
13/08/2011 00:00:00,1.43
14/08/2011 00:00:00,1.5
15/08/2011 00:00:00,1.48
16/08/2011 00:00:00,1.49
17/08/2011 00:00:00,1.61
18/08/2011 00:00:00,1.51
19/08/2011 00:00:00,1.55
20/08/2011 00:00:00,1.53
21/08/2011 00:00:00,1.54
22/08/2011 00:00:00,1.65
23/08/2011 00:00:00,1.63
24/08/2011 00:00:00,1.5
25/08/2011 00:00:00,1.55
26/08/2011 00:00:00,1.8
27/08/2011 00:00:00,1.48
28/08/2011 00:00:00,1.54
29/08/2011 00:00:00,1.75
30/08/2011 00:00:00,1.6
31/08/2011 00:00:00,1.55
01/09/2011 00:00:00,1.67
02/09/2011 00:00:00,0
03/09/2011 00:00:00,1.54
04/09/2011 00:00:00,1.47
05/09/2011 00:00:00,1.49
06/09/2011 00:00:00,1.5
07/09/2011 00:00:00,1.51
08/09/2011 00:00:00,1.56
09/09/2011 00:00:00,1.46
10/09/2011 00:00:00,1.46
11/09/2011 00:00:00,1.5
12/09/2011 00:00:00,1.46
13/09/2011 00:00:00,1.48
14/09/2011 00:00:00,1.47
15/09/2011 00:00:00,1.59
16/09/2011 00:00:00,1.66
17/09/2011 00:00:00,1.62
18/09/2011 00:00:00,1.63
19/09/2011 00:00:00,1.71
20/09/2011 00:00:00,1.69
21/09/2011 00:00:00,1.56
22/09/2011 00:00:00,1.7
23/09/2011 00:00:00,1.64
24/09/2011 00:00:00,1.56
25/09/2011 00:00:00,1.6
26/09/2011 00:00:00,1.52
27/09/2011 00:00:00,1.67
28/09/2011 00:00:00,1.54
29/09/2011 00:00:00,1.66
30/09/2011 00:00:00,1.61
01/10/2011 00:00:00,1.5
02/10/2011 00:00:00,1.52
03/10/2011 00:00:00,1.63
04/10/2011 00:00:00,1.63
05/10/2011 00:00:00,1.61
06/10/2011 00:00:00,1.62
07/10/2011 00:00:00,1.62
08/10/2011 00:00:00,1.47
09/10/2011 00:00:00,1.47
10/10/2011 00:00:00,1.47
11/10/2011 00:00:00,1.5
12/10/2011 00:00:00,1.66
13/10/2011 00:00:00,1.54
14/10/2011 00:00:00,1.66
15/10/2011 00:00:00,1.59
16/10/2011 00:00:00,1.46
17/10/2011 00:00:00,1.29
18/10/2011 00:00:00,1.35
19/10/2011 00:00:00,1.32
20/10/2011 00:00:00,1.35
21/10/2011 00:00:00,1.32
22/10/2011 00:00:00,1.26
23/10/2011 00:00:00,1.19
24/10/2011 00:00:00,1.18
25/10/2011 00:00:00,1.06
26/10/2011 00:00:00,1.18
27/10/2011 00:00:00,1.14
28/10/2011 00:00:00,1.11
29/10/2011 00:00:00,1.07
30/10/2011 00:00:00,1.14
31/10/2011 00:00:00,1.09
01/11/2011 00:00:00,1.21
02/11/2011 00:00:00,1.07
03/11/2011 00:00:00,1.13
04/11/2011 00:00:00,1.13
05/11/2011 00:00:00,1.19
06/11/2011 00:00:00,1.14
07/11/2011 00:00:00,0.96
08/11/2011 00:00:00,0.89
09/11/2011 00:00:00,0.89
10/11/2011 00:00:00,0.85
11/11/2011 00:00:00,0.92
12/11/2011 00:00:00,1
13/11/2011 00:00:00,0.95
14/11/2011 00:00:00,0.94
15/11/2011 00:00:00,0.95
16/11/2011 00:00:00,0.87
17/11/2011 00:00:00,0.82
18/11/2011 00:00:00,0.98
19/11/2011 00:00:00,0.91
20/11/2011 00:00:00,0.94
21/11/2011 00:00:00,0.88
22/11/2011 00:00:00,0.96
23/11/2011 00:00:00,0.94
24/11/2011 00:00:00,1.03
25/11/2011 00:00:00,1.06
26/11/2011 00:00:00,1.02
27/11/2011 00:00:00,1.01
28/11/2011 00:00:00,0.96
29/11/2011 00:00:00,0.87
30/11/2011 00:00:00,0.86
01/12/2011 00:00:00,0.91
02/12/2011 00:00:00,0.84
03/12/2011 00:00:00,0.8
04/12/2011 00:00:00,0.93
05/12/2011 00:00:00,0.93
06/12/2011 00:00:00,0.88
07/12/2011 00:00:00,0.83
08/12/2011 00:00:00,0.84
09/12/2011 00:00:00,0.82
10/12/2011 00:00:00,0.84
11/12/2011 00:00:00,0.89
12/12/2011 00:00:00,0.8
13/12/2011 00:00:00,0.77
14/12/2011 00:00:00,0.76
15/12/2011 00:00:00,0.65
16/12/2011 00:00:00,0.71
17/12/2011 00:00:00,0.84
18/12/2011 00:00:00,0.75
19/12/2011 00:00:00,0.78
20/12/2011 00:00:00,0.72
21/12/2011 00:00:00,0.72
22/12/2011 00:00:00,0.75
23/12/2011 00:00:00,0.71
24/12/2011 00:00:00,0.68
25/12/2011 00:00:00,0.65
26/12/2011 00:00:00,0.62
27/12/2011 00:00:00,0.81
28/12/2011 00:00:00,0.66
29/12/2011 00:00:00,0.67
30/12/2011 00:00:00,0.74
31/12/2011 00:00:00,0.74
01/01/2012 00:00:00,0.65
02/01/2012 00:00:00,0.73
03/01/2012 00:00:00,0.69
04/01/2012 00:00:00,0.79
05/01/2012 00:00:00,1.06
06/01/2012 00:00:00,0.81
07/01/2012 00:00:00,0.83
08/01/2012 00:00:00,0.79
09/01/2012 00:00:00,0.79
10/01/2012 00:00:00,0.91
11/01/2012 00:00:00,0.94
12/01/2012 00:00:00,0.83
13/01/2012 00:00:00,1.03
14/01/2012 00:00:00,1.03
15/01/2012 00:00:00,0.89
16/01/2012 00:00:00,0.84
17/01/2012 00:00:00,0.82
18/01/2012 00:00:00,0.78
19/01/2012 00:00:00,0.84
20/01/2012 00:00:00,0.84
21/01/2012 00:00:00,0.84
22/01/2012 00:00:00,0.78
23/01/2012 00:00:00,0.84
24/01/2012 00:00:00,0.77
25/01/2012 00:00:00,0.7
26/01/2012 00:00:00,0.77
27/01/2012 00:00:00,0.81
28/01/2012 00:00:00,0.78
29/01/2012 00:00:00,0.65
30/01/2012 00:00:00,0.84
31/01/2012 00:00:00,0.82
01/02/2012 00:00:00,0.82
02/02/2012 00:00:00,0.85
03/02/2012 00:00:00,0.61
04/02/2012 00:00:00,0.65
05/02/2012 00:00:00,0.75
06/02/2012 00:00:00,0.64
07/02/2012 00:00:00,0.81
08/02/2012 00:00:00,0.67
09/02/2012 00:00:00,0.5
10/02/2012 00:00:00,0.71
11/02/2012 00:00:00,0.88
12/02/2012 00:00:00,0.82
13/02/2012 00:00:00,0.92
14/02/2012 00:00:00,0.97
15/02/2012 00:00:00,0.93
16/02/2012 00:00:00,0.89
17/02/2012 00:00:00,0.94
18/02/2012 00:00:00,0.92
19/02/2012 00:00:00,0.84
20/02/2012 00:00:00,0.83
21/02/2012 00:00:00,0.9
22/02/2012 00:00:00,0.87
23/02/2012 00:00:00,0.84
24/02/2012 00:00:00,0.86
25/02/2012 00:00:00,0.89
26/02/2012 00:00:00,0.94
27/02/2012 00:00:00,0.88
28/02/2012 00:00:00,0.81
29/02/2012 00:00:00,0.75
01/03/2012 00:00:00,0.78
02/03/2012 00:00:00,0.85
03/03/2012 00:00:00,0.81
04/03/2012 00:00:00,0.88
05/03/2012 00:00:00,0.89
06/03/2012 00:00:00,0.88
07/03/2012 00:00:00,0.9
08/03/2012 00:00:00,0.82
09/03/2012 00:00:00,0.92
10/03/2012 00:00:00,0.94
11/03/2012 00:00:00,0.82
12/03/2012 00:00:00,0.85
13/03/2012 00:00:00,0.93
14/03/2012 00:00:00,1.06
15/03/2012 00:00:00,0.83
16/03/2012 00:00:00,0.78
17/03/2012 00:00:00,0.62
18/03/2012 00:00:00,0.81
19/03/2012 00:00:00,0.66
20/03/2012 00:00:00,0.6
21/03/2012 00:00:00,0.78
22/03/2012 00:00:00,0.53
23/03/2012 00:00:00,0.66
24/03/2012 00:00:00,0.67
25/03/2012 00:00:00,0.65
26/03/2012 00:00:00,0.68
27/03/2012 00:00:00,0.73
28/03/2012 00:00:00,0.82
29/03/2012 00:00:00,0.61
30/03/2012 00:00:00,0.76
31/03/2012 00:00:00,0.78
01/04/2012 00:00:00,0.8
02/04/2012 00:00:00,0.8
03/04/2012 00:00:00,0.84
04/04/2012 00:00:00,0.82
05/04/2012 00:00:00,0.72
06/04/2012 00:00:00,0.84
07/04/2012 00:00:00,0.83
08/04/2012 00:00:00,0.84
09/04/2012 00:00:00,0.9
10/04/2012 00:00:00,0.99
11/04/2012 00:00:00,0.99
12/04/2012 00:00:00,1.07
13/04/2012 00:00:00,1.16
14/04/2012 00:00:00,1.05
15/04/2012 00:00:00,1.07
16/04/2012 00:00:00,1.08
17/04/2012 00:00:00,1.11
18/04/2012 00:00:00,1.37
19/04/2012 00:00:00,1.31
20/04/2012 00:00:00,1.17
21/04/2012 00:00:00,0.99
22/04/2012 00:00:00,0.98
23/04/2012 00:00:00,1
24/04/2012 00:00:00,0.96
25/04/2012 00:00:00,1.01
26/04/2012 00:00:00,1.03
27/04/2012 00:00:00,1.14
28/04/2012 00:00:00,1.16
29/04/2012 00:00:00,1.26
30/04/2012 00:00:00,1.29
01/05/2012 00:00:00,1.21
02/05/2012 00:00:00,1.19
03/05/2012 00:00:00,1.01
04/05/2012 00:00:00,0.9
05/05/2012 00:00:00,0.95
06/05/2012 00:00:00,0.97
07/05/2012 00:00:00,1.02
08/05/2012 00:00:00,0.98
09/05/2012 00:00:00,0.87
10/05/2012 00:00:00,0.97
11/05/2012 00:00:00,1.08
12/05/2012 00:00:00,1.09
13/05/2012 00:00:00,1.1
14/05/2012 00:00:00,1.14
15/05/2012 00:00:00,1.17
16/05/2012 00:00:00,1.2
17/05/2012 00:00:00,1.21
18/05/2012 00:00:00,1.27
19/05/2012 00:00:00,1.27
20/05/2012 00:00:00,1.28
21/05/2012 00:00:00,1.36
22/05/2012 00:00:00,1.4
23/05/2012 00:00:00,1.42
24/05/2012 00:00:00,1.46
25/05/2012 00:00:00,1.51
26/05/2012 00:00:00,1.46
27/05/2012 00:00:00,1.49
28/05/2012 00:00:00,1.47
29/05/2012 00:00:00,1.42
30/05/2012 00:00:00,1.55
31/05/2012 00:00:00,1.54
01/06/2012 00:00:00,1.53
02/06/2012 00:00:00,1.38
03/06/2012 00:00:00,1.47
04/06/2012 00:00:00,0
05/06/2012 00:00:00,0
06/06/2012 00:00:00,1.68
07/06/2012 00:00:00,1.48
08/06/2012 00:00:00,1.43
09/06/2012 00:00:00,1.35
10/06/2012 00:00:00,1.37
11/06/2012 00:00:00,1.43
12/06/2012 00:00:00,1.33
13/06/2012 00:00:00,1.55
14/06/2012 00:00:00,1.36
15/06/2012 00:00:00,1.47
16/06/2012 00:00:00,1.35
17/06/2012 00:00:00,1.37
18/06/2012 00:00:00,1.47
19/06/2012 00:00:00,1.5
20/06/2012 00:00:00,1.51
21/06/2012 00:00:00,1.48
22/06/2012 00:00:00,1.44
23/06/2012 00:00:00,1.42
24/06/2012 00:00:00,1.37
25/06/2012 00:00:00,1.52
26/06/2012 00:00:00,1.52
27/06/2012 00:00:00,1.36
28/06/2012 00:00:00,1.68
29/06/2012 00:00:00,1.53
30/06/2012 00:00:00,1.47
01/07/2012 00:00:00,1.45
02/07/2012 00:00:00,1.49
03/07/2012 00:00:00,1.44
04/07/2012 00:00:00,1.47
05/07/2012 00:00:00,1.46
06/07/2012 00:00:00,1.47
07/07/2012 00:00:00,1.42
08/07/2012 00:00:00,1.38
09/07/2012 00:00:00,1.51
10/07/2012 00:00:00,1.5
11/07/2012 00:00:00,1.44
12/07/2012 00:00:00,1.31
13/07/2012 00:00:00,1.46
14/07/2012 00:00:00,1.35
15/07/2012 00:00:00,1.29
16/07/2012 00:00:00,1.45
17/07/2012 00:00:00,1.46
18/07/2012 00:00:00,1.49
19/07/2012 00:00:00,1.4
20/07/2012 00:00:00,1.48
21/07/2012 00:00:00,1.38
22/07/2012 00:00:00,1.44
23/07/2012 00:00:00,1.65
24/07/2012 00:00:00,1.65
25/07/2012 00:00:00,1.59
26/07/2012 00:00:00,1.61
27/07/2012 00:00:00,1.59
28/07/2012 00:00:00,1.53
29/07/2012 00:00:00,1.55
30/07/2012 00:00:00,1.63
31/07/2012 00:00:00,1.62
01/08/2012 00:00:00,1.61
02/08/2012 00:00:00,1.63
03/08/2012 00:00:00,1.53
04/08/2012 00:00:00,1.55
05/08/2012 00:00:00,1.45
06/08/2012 00:00:00,1.56
07/08/2012 00:00:00,1.53
08/08/2012 00:00:00,1.61
09/08/2012 00:00:00,1.54
10/08/2012 00:00:00,1.6
11/08/2012 00:00:00,1.66
12/08/2012 00:00:00,1.56
13/08/2012 00:00:00,1.68
14/08/2012 00:00:00,1.55
15/08/2012 00:00:00,1.6
16/08/2012 00:00:00,1.6
17/08/2012 00:00:00,1.6
18/08/2012 00:00:00,1.62
19/08/2012 00:00:00,1.59
20/08/2012 00:00:00,1.64
21/08/2012 00:00:00,1.58
22/08/2012 00:00:00,1.57
23/08/2012 00:00:00,1.59
24/08/2012 00:00:00,1.61
25/08/2012 00:00:00,1.59
26/08/2012 00:00:00,1.59
27/08/2012 00:00:00,1.74
28/08/2012 00:00:00,1.69
29/08/2012 00:00:00,1.67
30/08/2012 00:00:00,1.66
31/08/2012 00:00:00,1.65
01/09/2012 00:00:00,1.57
02/09/2012 00:00:00,1.6
03/09/2012 00:00:00,1.67
04/09/2012 00:00:00,1.66
05/09/2012 00:00:00,1.62
06/09/2012 00:00:00,1.61
07/09/2012 00:00:00,1.6
08/09/2012 00:00:00,1.59
09/09/2012 00:00:00,1.58
10/09/2012 00:00:00,1.66
11/09/2012 00:00:00,1.66
12/09/2012 00:00:00,1.68
13/09/2012 00:00:00,1.63
14/09/2012 00:00:00,1.66
15/09/2012 00:00:00,1.65
16/09/2012 00:00:00,1.6
17/09/2012 00:00:00,1.67
18/09/2012 00:00:00,1.69
19/09/2012 00:00:00,1.69
20/09/2012 00:00:00,1.79
21/09/2012 00:00:00,1.7
22/09/2012 00:00:00,1.7
23/09/2012 00:00:00,1.67
24/09/2012 00:00:00,1.75
25/09/2012 00:00:00,1.72
26/09/2012 00:00:00,1.75
27/09/2012 00:00:00,1.77
28/09/2012 00:00:00,1.77
29/09/2012 00:00:00,1.64
30/09/2012 00:00:00,1.34
01/10/2012 00:00:00,1.1
02/10/2012 00:00:00,1.25
03/10/2012 00:00:00,1.53
04/10/2012 00:00:00,1.58
05/10/2012 00:00:00,1.62
06/10/2012 00:00:00,1.4
07/10/2012 00:00:00,1.38
08/10/2012 00:00:00,1.43
09/10/2012 00:00:00,1.48
10/10/2012 00:00:00,1.54
11/10/2012 00:00:00,1.56
12/10/2012 00:00:00,1.55
13/10/2012 00:00:00,1.53
14/10/2012 00:00:00,1.65
15/10/2012 00:00:00,1.65
16/10/2012 00:00:00,1.56
17/10/2012 00:00:00,1.57
18/10/2012 00:00:00,1.42
19/10/2012 00:00:00,1.39
20/10/2012 00:00:00,1.46
21/10/2012 00:00:00,1.52
22/10/2012 00:00:00,1.56
23/10/2012 00:00:00,1.56
24/10/2012 00:00:00,1.56
25/10/2012 00:00:00,1.54
26/10/2012 00:00:00,1.47
27/10/2012 00:00:00,1.48
28/10/2012 00:00:00,1.29
29/10/2012 00:00:00,1.23
30/10/2012 00:00:00,1.39
31/10/2012 00:00:00,1.33
01/11/2012 00:00:00,1.37
02/11/2012 00:00:00,1.37
03/11/2012 00:00:00,1.19
04/11/2012 00:00:00,1.17
05/11/2012 00:00:00,1.23
06/11/2012 00:00:00,1.23
07/11/2012 00:00:00,1.23
08/11/2012 00:00:00,1.11
09/11/2012 00:00:00,1.12
10/11/2012 00:00:00,1.16
11/11/2012 00:00:00,1.24
12/11/2012 00:00:00,1.15
13/11/2012 00:00:00,1.08
14/11/2012 00:00:00,1
15/11/2012 00:00:00,1.08
16/11/2012 00:00:00,1.07
17/11/2012 00:00:00,1.05
18/11/2012 00:00:00,1
19/11/2012 00:00:00,1.1
20/11/2012 00:00:00,1.13
21/11/2012 00:00:00,1.18
22/11/2012 00:00:00,1.21
23/11/2012 00:00:00,1.2
24/11/2012 00:00:00,1.13
25/11/2012 00:00:00,1.09
26/11/2012 00:00:00,1.23
27/11/2012 00:00:00,1.26
28/11/2012 00:00:00,1.17
29/11/2012 00:00:00,1.16
30/11/2012 00:00:00,1.02
01/12/2012 00:00:00,1.19
02/12/2012 00:00:00,1.15
03/12/2012 00:00:00,1.14
04/12/2012 00:00:00,1.19
05/12/2012 00:00:00,1.13
06/12/2012 00:00:00,1.11
07/12/2012 00:00:00,1.11
08/12/2012 00:00:00,1.04
09/12/2012 00:00:00,1.09
10/12/2012 00:00:00,1.08
11/12/2012 00:00:00,1.23
12/12/2012 00:00:00,0.63
13/12/2012 00:00:00,1.07
14/12/2012 00:00:00,1.04
15/12/2012 00:00:00,0.99
16/12/2012 00:00:00,1.02
17/12/2012 00:00:00,0.98
18/12/2012 00:00:00,1.03
19/12/2012 00:00:00,0.96
20/12/2012 00:00:00,1.16
21/12/2012 00:00:00,0.9
22/12/2012 00:00:00,0.9
23/12/2012 00:00:00,0.75
24/12/2012 00:00:00,0.86
25/12/2012 00:00:00,0.81
26/12/2012 00:00:00,0.87
27/12/2012 00:00:00,0.89
28/12/2012 00:00:00,0.84
29/12/2012 00:00:00,0.86
30/12/2012 00:00:00,0.87
31/12/2012 00:00:00,0.84
01/01/2013 00:00:00,0.81
02/01/2013 00:00:00,0.76
03/01/2013 00:00:00,0.71
04/01/2013 00:00:00,0.75
05/01/2013 00:00:00,0.71
06/01/2013 00:00:00,0.81
07/01/2013 00:00:00,0.82
08/01/2013 00:00:00,0.71
09/01/2013 00:00:00,0.75
10/01/2013 00:00:00,0.83
11/01/2013 00:00:00,0.84
12/01/2013 00:00:00,0.88
13/01/2013 00:00:00,0.88
14/01/2013 00:00:00,0.78
15/01/2013 00:00:00,0.72
16/01/2013 00:00:00,0.76
17/01/2013 00:00:00,0.81
18/01/2013 00:00:00,0.69
19/01/2013 00:00:00,0.65
20/01/2013 00:00:00,0.65
21/01/2013 00:00:00,0.7
22/01/2013 00:00:00,0.73
23/01/2013 00:00:00,0.84
24/01/2013 00:00:00,0.85
25/01/2013 00:00:00,0.87
26/01/2013 00:00:00,0.85
27/01/2013 00:00:00,0.85
28/01/2013 00:00:00,0.8
29/01/2013 00:00:00,0.81
30/01/2013 00:00:00,0.58
31/01/2013 00:00:00,0.81
01/02/2013 00:00:00,0.78
02/02/2013 00:00:00,0.78
03/02/2013 00:00:00,0.79
04/02/2013 00:00:00,0.83
05/02/2013 00:00:00,0.8
06/02/2013 00:00:00,0.81
07/02/2013 00:00:00,0.79
08/02/2013 00:00:00,0.8
09/02/2013 00:00:00,0.89
10/02/2013 00:00:00,0.89
11/02/2013 00:00:00,0.95
12/02/2013 00:00:00,0.78
13/02/2013 00:00:00,0.86
14/02/2013 00:00:00,0.68
15/02/2013 00:00:00,0.7
16/02/2013 00:00:00,0.72
17/02/2013 00:00:00,0.71
18/02/2013 00:00:00,0.78
19/02/2013 00:00:00,0.72
20/02/2013 00:00:00,0.64
21/02/2013 00:00:00,0.62
22/02/2013 00:00:00,0.61
23/02/2013 00:00:00,0.63
24/02/2013 00:00:00,0.72
25/02/2013 00:00:00,0.46
26/02/2013 00:00:00,0.73
27/02/2013 00:00:00,0.78
28/02/2013 00:00:00,0.71
01/03/2013 00:00:00,0.7
02/03/2013 00:00:00,0.74
03/03/2013 00:00:00,0.75
04/03/2013 00:00:00,0.7
05/03/2013 00:00:00,0.71
06/03/2013 00:00:00,0.71
07/03/2013 00:00:00,0.72
08/03/2013 00:00:00,0.73
09/03/2013 00:00:00,0.71
10/03/2013 00:00:00,0.67
11/03/2013 00:00:00,0.67
12/03/2013 00:00:00,0.69
13/03/2013 00:00:00,0.64
14/03/2013 00:00:00,0.79
15/03/2013 00:00:00,0.74
16/03/2013 00:00:00,0.7
17/03/2013 00:00:00,0.82
18/03/2013 00:00:00,0.79
19/03/2013 00:00:00,0.73
20/03/2013 00:00:00,0.69
21/03/2013 00:00:00,0.75
22/03/2013 00:00:00,0.77
23/03/2013 00:00:00,0.73
24/03/2013 00:00:00,0.73
25/03/2013 00:00:00,0.76
26/03/2013 00:00:00,0.71
27/03/2013 00:00:00,0.72
28/03/2013 00:00:00,0.71
29/03/2013 00:00:00,0.95
30/03/2013 00:00:00,0.63
31/03/2013 00:00:00,0.64
01/04/2013 00:00:00,0.67
02/04/2013 00:00:00,0.77
03/04/2013 00:00:00,0.76
04/04/2013 00:00:00,0.65
05/04/2013 00:00:00,0.69
06/04/2013 00:00:00,0.72
07/04/2013 00:00:00,0.74
08/04/2013 00:00:00,0.8
09/04/2013 00:00:00,0.88
10/04/2013 00:00:00,0.95
11/04/2013 00:00:00,0.95
12/04/2013 00:00:00,1
13/04/2013 00:00:00,1.03
14/04/2013 00:00:00,1.01
15/04/2013 00:00:00,0.96
16/04/2013 00:00:00,1.13
17/04/2013 00:00:00,1.21
18/04/2013 00:00:00,1.39
19/04/2013 00:00:00,1.45
20/04/2013 00:00:00,1.26
21/04/2013 00:00:00,1.29
22/04/2013 00:00:00,1.44
23/04/2013 00:00:00,1.27
24/04/2013 00:00:00,1.46
25/04/2013 00:00:00,1.3
26/04/2013 00:00:00,1.37
27/04/2013 00:00:00,1.3
28/04/2013 00:00:00,1.39
29/04/2013 00:00:00,1.38
30/04/2013 00:00:00,1.38
01/05/2013 00:00:00,1.42
02/05/2013 00:00:00,1.41
03/05/2013 00:00:00,1.4
04/05/2013 00:00:00,1.33
05/05/2013 00:00:00,1.33
06/05/2013 00:00:00,1.42
07/05/2013 00:00:00,1.43
08/05/2013 00:00:00,1.43
09/05/2013 00:00:00,1.47
10/05/2013 00:00:00,1.4
11/05/2013 00:00:00,1.34
12/05/2013 00:00:00,1.35
13/05/2013 00:00:00,1.45
14/05/2013 00:00:00,1.53
15/05/2013 00:00:00,1.43
16/05/2013 00:00:00,1.43
17/05/2013 00:00:00,1.42
18/05/2013 00:00:00,1.38
19/05/2013 00:00:00,1.25
20/05/2013 00:00:00,1.29
21/05/2013 00:00:00,1.43
22/05/2013 00:00:00,1.49
23/05/2013 00:00:00,1.41
24/05/2013 00:00:00,1.15
25/05/2013 00:00:00,1.08
26/05/2013 00:00:00,1.19
27/05/2013 00:00:00,1.3
28/05/2013 00:00:00,1.34
29/05/2013 00:00:00,1.4
30/05/2013 00:00:00,1.37
31/05/2013 00:00:00,1.4
01/06/2013 00:00:00,1.33
02/06/2013 00:00:00,1.32
03/06/2013 00:00:00,1.37
04/06/2013 00:00:00,1.35
05/06/2013 00:00:00,1.35
06/06/2013 00:00:00,1.34
07/06/2013 00:00:00,1.38
08/06/2013 00:00:00,1.28
09/06/2013 00:00:00,1.26
10/06/2013 00:00:00,1.32
11/06/2013 00:00:00,1.39
12/06/2013 00:00:00,1.38
13/06/2013 00:00:00,1.44
14/06/2013 00:00:00,1.41
15/06/2013 00:00:00,1.34
16/06/2013 00:00:00,1.31
17/06/2013 00:00:00,1.45
18/06/2013 00:00:00,1.43
19/06/2013 00:00:00,1.5
20/06/2013 00:00:00,1.46
21/06/2013 00:00:00,1.51
22/06/2013 00:00:00,1.45
23/06/2013 00:00:00,1.45
24/06/2013 00:00:00,1.58
25/06/2013 00:00:00,1.61
26/06/2013 00:00:00,1.59
27/06/2013 00:00:00,1.58
28/06/2013 00:00:00,1.54
29/06/2013 00:00:00,1.46
30/06/2013 00:00:00,1.45
01/07/2013 00:00:00,1.47
02/07/2013 00:00:00,1.48
03/07/2013 00:00:00,1.48
04/07/2013 00:00:00,1.48
05/07/2013 00:00:00,1.46
06/07/2013 00:00:00,1.38
07/07/2013 00:00:00,1.35
08/07/2013 00:00:00,1.5
09/07/2013 00:00:00,1.52
10/07/2013 00:00:00,1.5
11/07/2013 00:00:00,1.55
12/07/2013 00:00:00,1.4
13/07/2013 00:00:00,1.45
14/07/2013 00:00:00,1.4
15/07/2013 00:00:00,1.53
16/07/2013 00:00:00,1.52
17/07/2013 00:00:00,1.55
18/07/2013 00:00:00,1.57
19/07/2013 00:00:00,1.58
20/07/2013 00:00:00,1.47
21/07/2013 00:00:00,1.46
22/07/2013 00:00:00,1.56
23/07/2013 00:00:00,1.57
24/07/2013 00:00:00,1.55
25/07/2013 00:00:00,1.58
26/07/2013 00:00:00,1.54
27/07/2013 00:00:00,1.48
28/07/2013 00:00:00,1.48
29/07/2013 00:00:00,1.6
30/07/2013 00:00:00,1.58
31/07/2013 00:00:00,1.58
01/08/2013 00:00:00,1.52
02/08/2013 00:00:00,1.45
03/08/2013 00:00:00,1.39
04/08/2013 00:00:00,1.38
05/08/2013 00:00:00,1.5
06/08/2013 00:00:00,1.53
07/08/2013 00:00:00,1.52
08/08/2013 00:00:00,1.56
09/08/2013 00:00:00,1.49
10/08/2013 00:00:00,1.41
11/08/2013 00:00:00,1.37
12/08/2013 00:00:00,1.47
13/08/2013 00:00:00,1.48
14/08/2013 00:00:00,1.52
15/08/2013 00:00:00,1.5
16/08/2013 00:00:00,1.53
17/08/2013 00:00:00,1.48
18/08/2013 00:00:00,1.52
19/08/2013 00:00:00,1.59
20/08/2013 00:00:00,1.61
21/08/2013 00:00:00,1.63
22/08/2013 00:00:00,1.6
23/08/2013 00:00:00,1.33
24/08/2013 00:00:00,1.29
25/08/2013 00:00:00,1.37
26/08/2013 00:00:00,1.53
27/08/2013 00:00:00,1.56
28/08/2013 00:00:00,1.69
29/08/2013 00:00:00,1.61
30/08/2013 00:00:00,1.57
31/08/2013 00:00:00,1.59
01/09/2013 00:00:00,1.49
02/09/2013 00:00:00,1.52
03/09/2013 00:00:00,1.55
04/09/2013 00:00:00,1.57
05/09/2013 00:00:00,1.65
06/09/2013 00:00:00,1.57
07/09/2013 00:00:00,1.54
08/09/2013 00:00:00,1.54
09/09/2013 00:00:00,1.64
10/09/2013 00:00:00,1.52
11/09/2013 00:00:00,1.59
12/09/2013 00:00:00,1.6
13/09/2013 00:00:00,1.56
14/09/2013 00:00:00,1.52
15/09/2013 00:00:00,1.51
16/09/2013 00:00:00,1.63
17/09/2013 00:00:00,1.65
18/09/2013 00:00:00,1.65
19/09/2013 00:00:00,1.66
20/09/2013 00:00:00,1.64
21/09/2013 00:00:00,1.6
22/09/2013 00:00:00,1.52
23/09/2013 00:00:00,1.64
24/09/2013 00:00:00,1.68
25/09/2013 00:00:00,1.69
26/09/2013 00:00:00,1.7
27/09/2013 00:00:00,1.7
28/09/2013 00:00:00,1.63
29/09/2013 00:00:00,1.57
30/09/2013 00:00:00,1.72
01/10/2013 00:00:00,1.64
02/10/2013 00:00:00,1.73
03/10/2013 00:00:00,1.67
04/10/2013 00:00:00,1.27
05/10/2013 00:00:00,1.32
06/10/2013 00:00:00,1.35
07/10/2013 00:00:00,1.46
08/10/2013 00:00:00,1.47
09/10/2013 00:00:00,1.46
10/10/2013 00:00:00,1.45
11/10/2013 00:00:00,1.5
12/10/2013 00:00:00,1.51
13/10/2013 00:00:00,1.52
14/10/2013 00:00:00,1.6
15/10/2013 00:00:00,1.04
16/10/2013 00:00:00,1.05
17/10/2013 00:00:00,1.13
18/10/2013 00:00:00,1.22
19/10/2013 00:00:00,1.28
20/10/2013 00:00:00,1.32
21/10/2013 00:00:00,1.38
22/10/2013 00:00:00,1.33
23/10/2013 00:00:00,1.27
24/10/2013 00:00:00,1.17
25/10/2013 00:00:00,1.15
26/10/2013 00:00:00,1.1
27/10/2013 00:00:00,1.06
28/10/2013 00:00:00,1.1
29/10/2013 00:00:00,1.13
30/10/2013 00:00:00,1.17
31/10/2013 00:00:00,1.25
01/11/2013 00:00:00,1.2
02/11/2013 00:00:00,1.12
03/11/2013 00:00:00,1.09
04/11/2013 00:00:00,1.2
05/11/2013 00:00:00,1.05
06/11/2013 00:00:00,0.98
07/11/2013 00:00:00,1.1
08/11/2013 00:00:00,1.05
09/11/2013 00:00:00,1.11
10/11/2013 00:00:00,1.07
11/11/2013 00:00:00,1.06
12/11/2013 00:00:00,0.98
13/11/2013 00:00:00,1.02
14/11/2013 00:00:00,0.93
15/11/2013 00:00:00,0.83
16/11/2013 00:00:00,0.94
17/11/2013 00:00:00,0.96
18/11/2013 00:00:00,0.92
19/11/2013 00:00:00,0.89
20/11/2013 00:00:00,0.89
21/11/2013 00:00:00,0.83
22/11/2013 00:00:00,0.88
23/11/2013 00:00:00,0.89
24/11/2013 00:00:00,0.91
25/11/2013 00:00:00,0.89
26/11/2013 00:00:00,0.86
27/11/2013 00:00:00,0.71
28/11/2013 00:00:00,0.75
29/11/2013 00:00:00,0.85
30/11/2013 00:00:00,0.87
01/12/2013 00:00:00,0.71
02/12/2013 00:00:00,0
03/12/2013 00:00:00,0.74
04/12/2013 00:00:00,0.77
05/12/2013 00:00:00,0.85
06/12/2013 00:00:00,0.64
07/12/2013 00:00:00,0.71
08/12/2013 00:00:00,0.81
09/12/2013 00:00:00,0.96
10/12/2013 00:00:00,0.83
11/12/2013 00:00:00,0.83
12/12/2013 00:00:00,0.9
13/12/2013 00:00:00,0.81
14/12/2013 00:00:00,0.81
15/12/2013 00:00:00,0.84
16/12/2013 00:00:00,0.66
17/12/2013 00:00:00,0.72
18/12/2013 00:00:00,0.74
19/12/2013 00:00:00,0.78
20/12/2013 00:00:00,0.79
21/12/2013 00:00:00,0.73
22/12/2013 00:00:00,0.71
23/12/2013 00:00:00,0.71
24/12/2013 00:00:00,0.66
25/12/2013 00:00:00,0.64
26/12/2013 00:00:00,0.62
27/12/2013 00:00:00,0.71
28/12/2013 00:00:00,0.66
29/12/2013 00:00:00,0.64
30/12/2013 00:00:00,0.69
31/12/2013 00:00:00,0.76
01/01/2014 00:00:00,0.6
02/01/2014 00:00:00,0.66
03/01/2014 00:00:00,0.69
04/01/2014 00:00:00,0.7
05/01/2014 00:00:00,0.72
06/01/2014 00:00:00,0.8
07/01/2014 00:00:00,0.85
08/01/2014 00:00:00,0.86
09/01/2014 00:00:00,0.88
10/01/2014 00:00:00,0.84
11/01/2014 00:00:00,0.77
12/01/2014 00:00:00,0.75
13/01/2014 00:00:00,0.73
14/01/2014 00:00:00,0.59
15/01/2014 00:00:00,0.61
16/01/2014 00:00:00,0.66
17/01/2014 00:00:00,0.64
18/01/2014 00:00:00,0.63
19/01/2014 00:00:00,0.66
20/01/2014 00:00:00,0.65
21/01/2014 00:00:00,0.72
22/01/2014 00:00:00,0.68
23/01/2014 00:00:00,0.69
24/01/2014 00:00:00,0.66
25/01/2014 00:00:00,0.72
26/01/2014 00:00:00,0.67
27/01/2014 00:00:00,0.74
28/01/2014 00:00:00,0.66
29/01/2014 00:00:00,0.64
30/01/2014 00:00:00,0.65
31/01/2014 00:00:00,0.62
01/02/2014 00:00:00,0.69
02/02/2014 00:00:00,0.68
03/02/2014 00:00:00,0.63
04/02/2014 00:00:00,0.61
05/02/2014 00:00:00,0.59
06/02/2014 00:00:00,0.59
07/02/2014 00:00:00,0.59
08/02/2014 00:00:00,0.61
09/02/2014 00:00:00,0.59
10/02/2014 00:00:00,0.57
11/02/2014 00:00:00,0.66
12/02/2014 00:00:00,0.64
13/02/2014 00:00:00,0.61
14/02/2014 00:00:00,0.66
15/02/2014 00:00:00,0.67
16/02/2014 00:00:00,0.7
17/02/2014 00:00:00,0.51
18/02/2014 00:00:00,0.63
19/02/2014 00:00:00,0.6
20/02/2014 00:00:00,0.54
21/02/2014 00:00:00,0.63
22/02/2014 00:00:00,0.65
23/02/2014 00:00:00,0.72
24/02/2014 00:00:00,0.79
25/02/2014 00:00:00,0.71
26/02/2014 00:00:00,0.71
27/02/2014 00:00:00,0.76
28/02/2014 00:00:00,0.7
01/03/2014 00:00:00,0.61
02/03/2014 00:00:00,0.64
03/03/2014 00:00:00,0.74
04/03/2014 00:00:00,0.69
05/03/2014 00:00:00,0.72
06/03/2014 00:00:00,0.88
07/03/2014 00:00:00,0.54
08/03/2014 00:00:00,0.65
09/03/2014 00:00:00,0.63
10/03/2014 00:00:00,0.56
11/03/2014 00:00:00,0.62
12/03/2014 00:00:00,0.68
13/03/2014 00:00:00,0.91
14/03/2014 00:00:00,0.79
15/03/2014 00:00:00,0.57
16/03/2014 00:00:00,0.71
17/03/2014 00:00:00,0.65
18/03/2014 00:00:00,0.72
19/03/2014 00:00:00,0.75
20/03/2014 00:00:00,0.86
21/03/2014 00:00:00,0.8
22/03/2014 00:00:00,0.83
23/03/2014 00:00:00,0.83
24/03/2014 00:00:00,0.76
25/03/2014 00:00:00,0.8
26/03/2014 00:00:00,0.99
27/03/2014 00:00:00,1.01
28/03/2014 00:00:00,0.96
29/03/2014 00:00:00,1.03
30/03/2014 00:00:00,0.99
31/03/2014 00:00:00,0.87
01/04/2014 00:00:00,0.91
02/04/2014 00:00:00,0.98
03/04/2014 00:00:00,1.01
04/04/2014 00:00:00,1.01
05/04/2014 00:00:00,1.01
06/04/2014 00:00:00,0.95
07/04/2014 00:00:00,1.04
08/04/2014 00:00:00,1.04
09/04/2014 00:00:00,0.69
10/04/2014 00:00:00,0.74
11/04/2014 00:00:00,0.76
12/04/2014 00:00:00,0.81
13/04/2014 00:00:00,0.74
14/04/2014 00:00:00,0.79
15/04/2014 00:00:00,0.85
16/04/2014 00:00:00,0.97
17/04/2014 00:00:00,1.04
18/04/2014 00:00:00,0.94
19/04/2014 00:00:00,0.9
20/04/2014 00:00:00,0.86
21/04/2014 00:00:00,0.95
22/04/2014 00:00:00,1
23/04/2014 00:00:00,0.98
24/04/2014 00:00:00,0.98
25/04/2014 00:00:00,0.99
26/04/2014 00:00:00,0.98
27/04/2014 00:00:00,0.98
28/04/2014 00:00:00,0.96
29/04/2014 00:00:00,0.9
30/04/2014 00:00:00,0.89
01/05/2014 00:00:00,0.99
02/05/2014 00:00:00,0.84
03/05/2014 00:00:00,0.89
04/05/2014 00:00:00,0.94
05/05/2014 00:00:00,1.06
06/05/2014 00:00:00,1.09
07/05/2014 00:00:00,1.04
08/05/2014 00:00:00,1.08
09/05/2014 00:00:00,1.1
10/05/2014 00:00:00,1.1
11/05/2014 00:00:00,1.07
12/05/2014 00:00:00,1.15
13/05/2014 00:00:00,1.23
14/05/2014 00:00:00,1.2
15/05/2014 00:00:00,1.2
16/05/2014 00:00:00,1.21
17/05/2014 00:00:00,1.2
18/05/2014 00:00:00,1.19
19/05/2014 00:00:00,1.1
20/05/2014 00:00:00,1.13
21/05/2014 00:00:00,1.2
22/05/2014 00:00:00,1.17
23/05/2014 00:00:00,1.2
24/05/2014 00:00:00,1.19
25/05/2014 00:00:00,1.23
26/05/2014 00:00:00,1.31
27/05/2014 00:00:00,1.36
28/05/2014 00:00:00,1.35
29/05/2014 00:00:00,1.35
30/05/2014 00:00:00,1.23
31/05/2014 00:00:00,1.24
01/06/2014 00:00:00,1.22
02/06/2014 00:00:00,1.32
03/06/2014 00:00:00,1.3
04/06/2014 00:00:00,1.35
05/06/2014 00:00:00,1.33
06/06/2014 00:00:00,1.38
07/06/2014 00:00:00,1.37
08/06/2014 00:00:00,1.3
09/06/2014 00:00:00,1.4
10/06/2014 00:00:00,1.48
11/06/2014 00:00:00,1.46
12/06/2014 00:00:00,0
13/06/2014 00:00:00,0
14/06/2014 00:00:00,1.41
15/06/2014 00:00:00,1.36
16/06/2014 00:00:00,1.53
17/06/2014 00:00:00,1.47
18/06/2014 00:00:00,1.54
19/06/2014 00:00:00,1.47
20/06/2014 00:00:00,1.51
21/06/2014 00:00:00,1.46
22/06/2014 00:00:00,1.38
23/06/2014 00:00:00,1.6
24/06/2014 00:00:00,1.57
25/06/2014 00:00:00,1.63
26/06/2014 00:00:00,1.61
27/06/2014 00:00:00,1.48
28/06/2014 00:00:00,1.45
29/06/2014 00:00:00,1.42
30/06/2014 00:00:00,1.56
01/07/2014 00:00:00,1.43
02/07/2014 00:00:00,1.4
03/07/2014 00:00:00,1.46
04/07/2014 00:00:00,1.43
05/07/2014 00:00:00,1.38
06/07/2014 00:00:00,1.36
07/07/2014 00:00:00,1.53
08/07/2014 00:00:00,1.49
09/07/2014 00:00:00,1.47
10/07/2014 00:00:00,1.45
11/07/2014 00:00:00,1.41
12/07/2014 00:00:00,1.51
13/07/2014 00:00:00,1.56
14/07/2014 00:00:00,1.52
15/07/2014 00:00:00,1.57
16/07/2014 00:00:00,1.44
17/07/2014 00:00:00,1.45
18/07/2014 00:00:00,1.49
19/07/2014 00:00:00,1.47
20/07/2014 00:00:00,1.54
21/07/2014 00:00:00,1.59
22/07/2014 00:00:00,1.66
23/07/2014 00:00:00,1.6
24/07/2014 00:00:00,1.56
25/07/2014 00:00:00,1.54
26/07/2014 00:00:00,1.47
27/07/2014 00:00:00,1.51
28/07/2014 00:00:00,1.65
29/07/2014 00:00:00,1.53
30/07/2014 00:00:00,1.67
31/07/2014 00:00:00,1.62
01/08/2014 00:00:00,1.52
02/08/2014 00:00:00,1.47
03/08/2014 00:00:00,1.43
04/08/2014 00:00:00,1.53
05/08/2014 00:00:00,1.58
06/08/2014 00:00:00,1.64
07/08/2014 00:00:00,1.58
08/08/2014 00:00:00,1.57
09/08/2014 00:00:00,1.57
10/08/2014 00:00:00,1.53
11/08/2014 00:00:00,1.73
12/08/2014 00:00:00,1.61
13/08/2014 00:00:00,1.67
14/08/2014 00:00:00,1.66
15/08/2014 00:00:00,1.65
16/08/2014 00:00:00,1.56
17/08/2014 00:00:00,1.56
18/08/2014 00:00:00,1.67
19/08/2014 00:00:00,1.67
20/08/2014 00:00:00,1.7
21/08/2014 00:00:00,1.69
22/08/2014 00:00:00,1.68
23/08/2014 00:00:00,1.61
24/08/2014 00:00:00,1.58
25/08/2014 00:00:00,1.69
26/08/2014 00:00:00,1.69
27/08/2014 00:00:00,1.69
28/08/2014 00:00:00,1.69
29/08/2014 00:00:00,1.69
30/08/2014 00:00:00,1.62
31/08/2014 00:00:00,1.61
01/09/2014 00:00:00,1.66
02/09/2014 00:00:00,1.61
03/09/2014 00:00:00,1.6
04/09/2014 00:00:00,1.59
05/09/2014 00:00:00,1.57
06/09/2014 00:00:00,1.54
07/09/2014 00:00:00,1.52
08/09/2014 00:00:00,1.64
09/09/2014 00:00:00,1.61
10/09/2014 00:00:00,1.64
11/09/2014 00:00:00,1.62
12/09/2014 00:00:00,1.67
13/09/2014 00:00:00,1.56
14/09/2014 00:00:00,1.57
15/09/2014 00:00:00,1.68
16/09/2014 00:00:00,1.67
17/09/2014 00:00:00,1.69
18/09/2014 00:00:00,1.71
19/09/2014 00:00:00,1.72
20/09/2014 00:00:00,1.67
21/09/2014 00:00:00,1.67
22/09/2014 00:00:00,1.73
23/09/2014 00:00:00,1.73
24/09/2014 00:00:00,1.65
25/09/2014 00:00:00,1.73
26/09/2014 00:00:00,1.74
27/09/2014 00:00:00,1.66
28/09/2014 00:00:00,1.63
29/09/2014 00:00:00,1.73
30/09/2014 00:00:00,1.77
01/10/2014 00:00:00,1.64
02/10/2014 00:00:00,1.64
03/10/2014 00:00:00,1.65
04/10/2014 00:00:00,1.63
05/10/2014 00:00:00,1.58
06/10/2014 00:00:00,1.7
07/10/2014 00:00:00,1.7
08/10/2014 00:00:00,1.75
09/10/2014 00:00:00,1.7
10/10/2014 00:00:00,1.7
11/10/2014 00:00:00,1.6
12/10/2014 00:00:00,1.56
13/10/2014 00:00:00,1.72
14/10/2014 00:00:00,1.8
15/10/2014 00:00:00,1.58
16/10/2014 00:00:00,1.48
17/10/2014 00:00:00,1.66
18/10/2014 00:00:00,1.7
19/10/2014 00:00:00,1.66
20/10/2014 00:00:00,1.62
21/10/2014 00:00:00,1.67
22/10/2014 00:00:00,1.73
23/10/2014 00:00:00,1.64
24/10/2014 00:00:00,1.66
25/10/2014 00:00:00,1.7
26/10/2014 00:00:00,1.67
27/10/2014 00:00:00,1.76
28/10/2014 00:00:00,1.69
29/10/2014 00:00:00,1.79
30/10/2014 00:00:00,1.71
31/10/2014 00:00:00,1.73
01/11/2014 00:00:00,1.72
02/11/2014 00:00:00,1.71
03/11/2014 00:00:00,1.76
04/11/2014 00:00:00,1.72
05/11/2014 00:00:00,1.36
06/11/2014 00:00:00,1.24
07/11/2014 00:00:00,1.25
08/11/2014 00:00:00,1.35
09/11/2014 00:00:00,1.36
10/11/2014 00:00:00,1.43
11/11/2014 00:00:00,1.41
12/11/2014 00:00:00,1.39
13/11/2014 00:00:00,1.44
14/11/2014 00:00:00,1.55
15/11/2014 00:00:00,1.48
16/11/2014 00:00:00,1.43
17/11/2014 00:00:00,1.44
18/11/2014 00:00:00,1.53
19/11/2014 00:00:00,1.56
20/11/2014 00:00:00,1.54
21/11/2014 00:00:00,1.53
22/11/2014 00:00:00,1.55
23/11/2014 00:00:00,1.53
24/11/2014 00:00:00,1.55
25/11/2014 00:00:00,1.32
26/11/2014 00:00:00,0
27/11/2014 00:00:00,0
28/11/2014 00:00:00,1.06
29/11/2014 00:00:00,1.08
30/11/2014 00:00:00,1.09
01/12/2014 00:00:00,1.1
02/12/2014 00:00:00,1.18
03/12/2014 00:00:00,1.1
04/12/2014 00:00:00,1.16
05/12/2014 00:00:00,1.14
06/12/2014 00:00:00,1.18
07/12/2014 00:00:00,1.05
08/12/2014 00:00:00,1.08
09/12/2014 00:00:00,1.11
10/12/2014 00:00:00,1.06
11/12/2014 00:00:00,1.04
12/12/2014 00:00:00,0.95
13/12/2014 00:00:00,1.07
14/12/2014 00:00:00,1
15/12/2014 00:00:00,0.96
16/12/2014 00:00:00,1.08
17/12/2014 00:00:00,1.06
18/12/2014 00:00:00,1.06
19/12/2014 00:00:00,1.05
20/12/2014 00:00:00,0.97
21/12/2014 00:00:00,0.94
22/12/2014 00:00:00,1.01
23/12/2014 00:00:00,1.06
24/12/2014 00:00:00,0.97
25/12/2014 00:00:00,0.9
26/12/2014 00:00:00,0.94
27/12/2014 00:00:00,0.94
28/12/2014 00:00:00,1.04
29/12/2014 00:00:00,0.98
30/12/2014 00:00:00,0.96
31/12/2014 00:00:00,1.05
01/01/2015 00:00:00,0.79
02/01/2015 00:00:00,0.78
03/01/2015 00:00:00,0.73
04/01/2015 00:00:00,0.75
05/01/2015 00:00:00,0.79
06/01/2015 00:00:00,0.83
07/01/2015 00:00:00,0.86
08/01/2015 00:00:00,0.8
09/01/2015 00:00:00,0.81
10/01/2015 00:00:00,0.88
11/01/2015 00:00:00,0.88
12/01/2015 00:00:00,0.8
13/01/2015 00:00:00,0.85
14/01/2015 00:00:00,0.93
15/01/2015 00:00:00,0
16/01/2015 00:00:00,0
17/01/2015 00:00:00,0.68
18/01/2015 00:00:00,0.75
19/01/2015 00:00:00,0.75
20/01/2015 00:00:00,0.85
21/01/2015 00:00:00,0.86
22/01/2015 00:00:00,0.87
23/01/2015 00:00:00,0.82
24/01/2015 00:00:00,0.85
25/01/2015 00:00:00,0.91
26/01/2015 00:00:00,0.92
27/01/2015 00:00:00,0.83
28/01/2015 00:00:00,0.85
29/01/2015 00:00:00,0.77
30/01/2015 00:00:00,0.81
31/01/2015 00:00:00,0.8
01/02/2015 00:00:00,0.7
02/02/2015 00:00:00,0.44
03/02/2015 00:00:00,0.88
04/02/2015 00:00:00,1.01
05/02/2015 00:00:00,1.03
06/02/2015 00:00:00,0.82
07/02/2015 00:00:00,0.81
08/02/2015 00:00:00,0.83
09/02/2015 00:00:00,0.79
10/02/2015 00:00:00,0.82
11/02/2015 00:00:00,0.84
12/02/2015 00:00:00,0.8
13/02/2015 00:00:00,0.91
14/02/2015 00:00:00,0.71
15/02/2015 00:00:00,0.71
16/02/2015 00:00:00,0.84
17/02/2015 00:00:00,0.68
18/02/2015 00:00:00,0.82
19/02/2015 00:00:00,0.84
20/02/2015 00:00:00,0.76
21/02/2015 00:00:00,0.73
22/02/2015 00:00:00,0.8
23/02/2015 00:00:00,0.76
24/02/2015 00:00:00,0.77
25/02/2015 00:00:00,0.81
26/02/2015 00:00:00,0.85
27/02/2015 00:00:00,0.82
28/02/2015 00:00:00,0.68
01/03/2015 00:00:00,0.73
02/03/2015 00:00:00,0.74
03/03/2015 00:00:00,0.71
04/03/2015 00:00:00,0.7
05/03/2015 00:00:00,0.76
06/03/2015 00:00:00,0.86
07/03/2015 00:00:00,1.05
08/03/2015 00:00:00,0.86
09/03/2015 00:00:00,0.79
10/03/2015 00:00:00,0.73
11/03/2015 00:00:00,0.8
12/03/2015 00:00:00,0.9
13/03/2015 00:00:00,0.8
14/03/2015 00:00:00,0.84
15/03/2015 00:00:00,0.84
16/03/2015 00:00:00,0.81
17/03/2015 00:00:00,0.81
18/03/2015 00:00:00,0.82
19/03/2015 00:00:00,0.84
20/03/2015 00:00:00,0.8
21/03/2015 00:00:00,0.89
22/03/2015 00:00:00,0.82
23/03/2015 00:00:00,0.89
24/03/2015 00:00:00,0.78
25/03/2015 00:00:00,0.86
26/03/2015 00:00:00,0.88
27/03/2015 00:00:00,0.77
28/03/2015 00:00:00,0.85
29/03/2015 00:00:00,0.86
30/03/2015 00:00:00,0.89
31/03/2015 00:00:00,0.93
01/04/2015 00:00:00,0.88
02/04/2015 00:00:00,0.74
03/04/2015 00:00:00,0.77
04/04/2015 00:00:00,0.83
05/04/2015 00:00:00,0.88
06/04/2015 00:00:00,0.98
07/04/2015 00:00:00,0.9
08/04/2015 00:00:00,0.99
09/04/2015 00:00:00,0.9
10/04/2015 00:00:00,0.83
11/04/2015 00:00:00,0.84
12/04/2015 00:00:00,0.94
13/04/2015 00:00:00,0.98
14/04/2015 00:00:00,0.84
15/04/2015 00:00:00,0.87
16/04/2015 00:00:00,0.91
17/04/2015 00:00:00,0.99
18/04/2015 00:00:00,1.02
19/04/2015 00:00:00,1.03
20/04/2015 00:00:00,1.08
21/04/2015 00:00:00,1.08
22/04/2015 00:00:00,1.15
23/04/2015 00:00:00,1.24
24/04/2015 00:00:00,1.29
25/04/2015 00:00:00,1.23
26/04/2015 00:00:00,1.25
27/04/2015 00:00:00,1.39
28/04/2015 00:00:00,1.38
29/04/2015 00:00:00,1.46
30/04/2015 00:00:00,1.41
01/05/2015 00:00:00,1.44
02/05/2015 00:00:00,1.39
03/05/2015 00:00:00,1.36
04/05/2015 00:00:00,1.43
05/05/2015 00:00:00,1.46
06/05/2015 00:00:00,1.4
07/05/2015 00:00:00,1.47
08/05/2015 00:00:00,1.43
09/05/2015 00:00:00,1.43
10/05/2015 00:00:00,1.46
11/05/2015 00:00:00,1.55
12/05/2015 00:00:00,1.52
13/05/2015 00:00:00,1.54
14/05/2015 00:00:00,1.51
15/05/2015 00:00:00,1.48
16/05/2015 00:00:00,1.36
17/05/2015 00:00:00,1.34
18/05/2015 00:00:00,1.48
19/05/2015 00:00:00,1.47
20/05/2015 00:00:00,1.43
21/05/2015 00:00:00,1.48
22/05/2015 00:00:00,1.46
23/05/2015 00:00:00,1.44
24/05/2015 00:00:00,1.45
25/05/2015 00:00:00,1.53
26/05/2015 00:00:00,1.5
27/05/2015 00:00:00,1.48
28/05/2015 00:00:00,1.46
29/05/2015 00:00:00,1.46
30/05/2015 00:00:00,1.3
31/05/2015 00:00:00,1.11
01/06/2015 00:00:00,1.26
02/06/2015 00:00:00,1.47
03/06/2015 00:00:00,1.36
04/06/2015 00:00:00,1.29
05/06/2015 00:00:00,1.43
06/06/2015 00:00:00,1.24
07/06/2015 00:00:00,1.27
08/06/2015 00:00:00,1.31
09/06/2015 00:00:00,1.43
10/06/2015 00:00:00,1.4
11/06/2015 00:00:00,1.4
12/06/2015 00:00:00,1.51
13/06/2015 00:00:00,1.41
14/06/2015 00:00:00,1.47
15/06/2015 00:00:00,1.48
16/06/2015 00:00:00,1.41
17/06/2015 00:00:00,1.47
18/06/2015 00:00:00,1.45
19/06/2015 00:00:00,1.39
20/06/2015 00:00:00,1.37
21/06/2015 00:00:00,1.35
22/06/2015 00:00:00,1.47
23/06/2015 00:00:00,1.47
24/06/2015 00:00:00,1.51
25/06/2015 00:00:00,1.58
26/06/2015 00:00:00,1.64
27/06/2015 00:00:00,1.46
28/06/2015 00:00:00,1.41
29/06/2015 00:00:00,1.55
30/06/2015 00:00:00,1.55
01/07/2015 00:00:00,1.66
02/07/2015 00:00:00,1.51
03/07/2015 00:00:00,1.45
04/07/2015 00:00:00,1.35
05/07/2015 00:00:00,1.29
06/07/2015 00:00:00,1.51
07/07/2015 00:00:00,1.41
08/07/2015 00:00:00,1.37
09/07/2015 00:00:00,1.46
10/07/2015 00:00:00,1.47
11/07/2015 00:00:00,1.36
12/07/2015 00:00:00,1.33
13/07/2015 00:00:00,1.49
14/07/2015 00:00:00,1.48
15/07/2015 00:00:00,1.41
16/07/2015 00:00:00,1.5
17/07/2015 00:00:00,1.47
18/07/2015 00:00:00,1.39
19/07/2015 00:00:00,1.43
20/07/2015 00:00:00,1.61
21/07/2015 00:00:00,1.6
22/07/2015 00:00:00,1.56
23/07/2015 00:00:00,1.53
24/07/2015 00:00:00,1.52
25/07/2015 00:00:00,1.4
26/07/2015 00:00:00,1.4
27/07/2015 00:00:00,1.65
28/07/2015 00:00:00,1.56
29/07/2015 00:00:00,1.62
30/07/2015 00:00:00,1.67
31/07/2015 00:00:00,1.62
01/08/2015 00:00:00,1.44
02/08/2015 00:00:00,1.52
03/08/2015 00:00:00,1.48
04/08/2015 00:00:00,1.6
05/08/2015 00:00:00,1.55
06/08/2015 00:00:00,1.52
07/08/2015 00:00:00,1.57
08/08/2015 00:00:00,1.46
09/08/2015 00:00:00,1.41
10/08/2015 00:00:00,1.56
11/08/2015 00:00:00,1.54
12/08/2015 00:00:00,1.51
13/08/2015 00:00:00,1.55
14/08/2015 00:00:00,1.56
15/08/2015 00:00:00,1.48
16/08/2015 00:00:00,1.42
17/08/2015 00:00:00,1.62
18/08/2015 00:00:00,1.61
19/08/2015 00:00:00,1.6
20/08/2015 00:00:00,1.6
21/08/2015 00:00:00,1.57
22/08/2015 00:00:00,1.48
23/08/2015 00:00:00,1.49
24/08/2015 00:00:00,1.58
25/08/2015 00:00:00,1.61
26/08/2015 00:00:00,1.59
27/08/2015 00:00:00,1.59
28/08/2015 00:00:00,1.62
29/08/2015 00:00:00,1.56
30/08/2015 00:00:00,1.53
31/08/2015 00:00:00,1.68
01/09/2015 00:00:00,1.53
02/09/2015 00:00:00,1.55
03/09/2015 00:00:00,1.54
04/09/2015 00:00:00,1.55
05/09/2015 00:00:00,1.52
06/09/2015 00:00:00,1.49
07/09/2015 00:00:00,1.59
08/09/2015 00:00:00,1.55
09/09/2015 00:00:00,1.57
10/09/2015 00:00:00,1.63
11/09/2015 00:00:00,1.64
12/09/2015 00:00:00,1.49
13/09/2015 00:00:00,1.52
14/09/2015 00:00:00,1.59
15/09/2015 00:00:00,1.56
16/09/2015 00:00:00,1.6
17/09/2015 00:00:00,1.49
18/09/2015 00:00:00,1.59
19/09/2015 00:00:00,1.51
20/09/2015 00:00:00,1.56
21/09/2015 00:00:00,1.66
22/09/2015 00:00:00,1.65
23/09/2015 00:00:00,1.68
24/09/2015 00:00:00,1.55
25/09/2015 00:00:00,1.2
26/09/2015 00:00:00,1.21
27/09/2015 00:00:00,1.21
28/09/2015 00:00:00,1.37
29/09/2015 00:00:00,1.44
30/09/2015 00:00:00,1.58
01/10/2015 00:00:00,1.41
02/10/2015 00:00:00,1.45
03/10/2015 00:00:00,1.42
04/10/2015 00:00:00,1.4
05/10/2015 00:00:00,1.51
06/10/2015 00:00:00,1.2
07/10/2015 00:00:00,1.18
08/10/2015 00:00:00,1.25
09/10/2015 00:00:00,1.29
10/10/2015 00:00:00,1.35
11/10/2015 00:00:00,1.29
12/10/2015 00:00:00,1.39
13/10/2015 00:00:00,1.42
14/10/2015 00:00:00,1.45
15/10/2015 00:00:00,1.45
16/10/2015 00:00:00,1.45
17/10/2015 00:00:00,1.52
18/10/2015 00:00:00,1.47
19/10/2015 00:00:00,1.56
20/10/2015 00:00:00,1.58
21/10/2015 00:00:00,1.53
22/10/2015 00:00:00,1.6
23/10/2015 00:00:00,1.61
24/10/2015 00:00:00,1.58
25/10/2015 00:00:00,1.61
26/10/2015 00:00:00,1.65
27/10/2015 00:00:00,1.65
28/10/2015 00:00:00,1.65
29/10/2015 00:00:00,1.69
30/10/2015 00:00:00,1.64
31/10/2015 00:00:00,1.56
01/11/2015 00:00:00,1.46
02/11/2015 00:00:00,1.57
03/11/2015 00:00:00,1.53
04/11/2015 00:00:00,1.58
05/11/2015 00:00:00,1.49
06/11/2015 00:00:00,1.36
07/11/2015 00:00:00,1.49
08/11/2015 00:00:00,1.48
09/11/2015 00:00:00,1.55
10/11/2015 00:00:00,1.61
11/11/2015 00:00:00,1.59
12/11/2015 00:00:00,1.56
13/11/2015 00:00:00,1.58
14/11/2015 00:00:00,1.41
15/11/2015 00:00:00,1.2
16/11/2015 00:00:00,1.24
17/11/2015 00:00:00,1.19
18/11/2015 00:00:00,1.26
19/11/2015 00:00:00,1.24
20/11/2015 00:00:00,1.3
21/11/2015 00:00:00,1.22
22/11/2015 00:00:00,1.29
23/11/2015 00:00:00,1.44
24/11/2015 00:00:00,1.39
25/11/2015 00:00:00,1.48
26/11/2015 00:00:00,1.45
27/11/2015 00:00:00,1.14
28/11/2015 00:00:00,1.11
29/11/2015 00:00:00,1.12
30/11/2015 00:00:00,1.19
01/12/2015 00:00:00,1.11
02/12/2015 00:00:00,1.03
03/12/2015 00:00:00,1.1
04/12/2015 00:00:00,1.1
05/12/2015 00:00:00,1.03
06/12/2015 00:00:00,1.04
07/12/2015 00:00:00,1.13
08/12/2015 00:00:00,1.17
09/12/2015 00:00:00,1.03
10/12/2015 00:00:00,0.97
11/12/2015 00:00:00,0.99
12/12/2015 00:00:00,0.91
13/12/2015 00:00:00,0.94
14/12/2015 00:00:00,0.92
15/12/2015 00:00:00,0.83
16/12/2015 00:00:00,0.79
17/12/2015 00:00:00,0.87
18/12/2015 00:00:00,0.81
19/12/2015 00:00:00,0.8
20/12/2015 00:00:00,0.84
21/12/2015 00:00:00,0.83
22/12/2015 00:00:00,0.78
23/12/2015 00:00:00,0.71
24/12/2015 00:00:00,0.65
25/12/2015 00:00:00,0.73
26/12/2015 00:00:00,0.64
27/12/2015 00:00:00,0.7
28/12/2015 00:00:00,0.7
29/12/2015 00:00:00,0.64
30/12/2015 00:00:00,0.76
31/12/2015 00:00:00,0.72
01/01/2016 00:00:00,0.73
02/01/2016 00:00:00,0.8
03/01/2016 00:00:00,0.8
04/01/2016 00:00:00,0.68
05/01/2016 00:00:00,1.01
06/01/2016 00:00:00,0.95
07/01/2016 00:00:00,0.97
08/01/2016 00:00:00,0.9
09/01/2016 00:00:00,0.86
10/01/2016 00:00:00,0.86
11/01/2016 00:00:00,0.84
12/01/2016 00:00:00,0.9
13/01/2016 00:00:00,0.8
14/01/2016 00:00:00,0.94
15/01/2016 00:00:00,0.83
16/01/2016 00:00:00,0.85
17/01/2016 00:00:00,0.8
18/01/2016 00:00:00,0.96
19/01/2016 00:00:00,1.05
20/01/2016 00:00:00,0.87
21/01/2016 00:00:00,0.81
22/01/2016 00:00:00,0.77
23/01/2016 00:00:00,0.81
24/01/2016 00:00:00,0.78
25/01/2016 00:00:00,0.78
26/01/2016 00:00:00,0.78
27/01/2016 00:00:00,0.83
28/01/2016 00:00:00,0.89
29/01/2016 00:00:00,0.87
30/01/2016 00:00:00,0.84
31/01/2016 00:00:00,0.79
01/02/2016 00:00:00,0.84
02/02/2016 00:00:00,0.71
03/02/2016 00:00:00,0.75
04/02/2016 00:00:00,0.73
05/02/2016 00:00:00,0.73
06/02/2016 00:00:00,0.72
07/02/2016 00:00:00,0.73
08/02/2016 00:00:00,0.85
09/02/2016 00:00:00,0.87
10/02/2016 00:00:00,1.07
11/02/2016 00:00:00,1.03
12/02/2016 00:00:00,0.79
13/02/2016 00:00:00,0.81
14/02/2016 00:00:00,0.81
15/02/2016 00:00:00,0.65
16/02/2016 00:00:00,0.75
17/02/2016 00:00:00,0.81
18/02/2016 00:00:00,0.87
19/02/2016 00:00:00,0.95
20/02/2016 00:00:00,1.03
21/02/2016 00:00:00,0.97
22/02/2016 00:00:00,1.07
23/02/2016 00:00:00,1.05
24/02/2016 00:00:00,1.02
25/02/2016 00:00:00,0.87
26/02/2016 00:00:00,0.86
27/02/2016 00:00:00,0.84
28/02/2016 00:00:00,0.9
29/02/2016 00:00:00,0.81
01/03/2016 00:00:00,0.88
02/03/2016 00:00:00,0.94
03/03/2016 00:00:00,1
04/03/2016 00:00:00,0.89
05/03/2016 00:00:00,0.86
06/03/2016 00:00:00,0.77
07/03/2016 00:00:00,0.76
08/03/2016 00:00:00,0.9
09/03/2016 00:00:00,0.84
10/03/2016 00:00:00,0.79
11/03/2016 00:00:00,0.74
12/03/2016 00:00:00,0.73
13/03/2016 00:00:00,0.74
14/03/2016 00:00:00,0.74
15/03/2016 00:00:00,0.72
16/03/2016 00:00:00,0.69
17/03/2016 00:00:00,0.68
18/03/2016 00:00:00,0.79
19/03/2016 00:00:00,0.77
20/03/2016 00:00:00,0.73
21/03/2016 00:00:00,0.74
22/03/2016 00:00:00,0.75
23/03/2016 00:00:00,0.78
24/03/2016 00:00:00,0.78
25/03/2016 00:00:00,0.82
26/03/2016 00:00:00,0.76
27/03/2016 00:00:00,0.83
28/03/2016 00:00:00,0.84
29/03/2016 00:00:00,0.95
30/03/2016 00:00:00,0.95
31/03/2016 00:00:00,0.96
01/04/2016 00:00:00,0.89
02/04/2016 00:00:00,0.85
03/04/2016 00:00:00,0.88
04/04/2016 00:00:00,0.86
05/04/2016 00:00:00,0.74
06/04/2016 00:00:00,1.01
07/04/2016 00:00:00,0.93
08/04/2016 00:00:00,0.88
09/04/2016 00:00:00,0.9
10/04/2016 00:00:00,0.91
11/04/2016 00:00:00,1.01
12/04/2016 00:00:00,1
13/04/2016 00:00:00,1.09
14/04/2016 00:00:00,1.04
15/04/2016 00:00:00,0.94
16/04/2016 00:00:00,1.11
17/04/2016 00:00:00,1.01
18/04/2016 00:00:00,1.08
19/04/2016 00:00:00,1.14
20/04/2016 00:00:00,1.19
21/04/2016 00:00:00,1.28
22/04/2016 00:00:00,1.22
23/04/2016 00:00:00,1.44
24/04/2016 00:00:00,1.34
25/04/2016 00:00:00,1.46
26/04/2016 00:00:00,1.4
27/04/2016 00:00:00,1.38
28/04/2016 00:00:00,1.37
29/04/2016 00:00:00,1.35
30/04/2016 00:00:00,1.28
01/05/2016 00:00:00,1.2
02/05/2016 00:00:00,1.23
03/05/2016 00:00:00,1.17
04/05/2016 00:00:00,0.98
05/05/2016 00:00:00,1.05
06/05/2016 00:00:00,1.12
07/05/2016 00:00:00,1.11
08/05/2016 00:00:00,1.04
09/05/2016 00:00:00,1.09
10/05/2016 00:00:00,1.04
11/05/2016 00:00:00,1.08
12/05/2016 00:00:00,1.18
13/05/2016 00:00:00,1.17
14/05/2016 00:00:00,1.16
15/05/2016 00:00:00,1.17
16/05/2016 00:00:00,1.28
17/05/2016 00:00:00,1.29
18/05/2016 00:00:00,1.4
19/05/2016 00:00:00,1.33
20/05/2016 00:00:00,1.34
21/05/2016 00:00:00,1.34
22/05/2016 00:00:00,1.25
23/05/2016 00:00:00,1.24
24/05/2016 00:00:00,1.25
25/05/2016 00:00:00,1.28
26/05/2016 00:00:00,1.28
27/05/2016 00:00:00,1.32
28/05/2016 00:00:00,1.3
29/05/2016 00:00:00,1.26
30/05/2016 00:00:00,1.26
31/05/2016 00:00:00,1.24
01/06/2016 00:00:00,1.28
02/06/2016 00:00:00,1.32
03/06/2016 00:00:00,1.25
04/06/2016 00:00:00,1.21
05/06/2016 00:00:00,1.2
06/06/2016 00:00:00,1.38
07/06/2016 00:00:00,1.35
08/06/2016 00:00:00,1.38
09/06/2016 00:00:00,1.38
10/06/2016 00:00:00,1.39
11/06/2016 00:00:00,1.3
12/06/2016 00:00:00,1.31
13/06/2016 00:00:00,1.39
14/06/2016 00:00:00,1.47
15/06/2016 00:00:00,1.49
16/06/2016 00:00:00,1.44
17/06/2016 00:00:00,1.49
18/06/2016 00:00:00,1.29
19/06/2016 00:00:00,1.26
20/06/2016 00:00:00,1.31
21/06/2016 00:00:00,1.31
22/06/2016 00:00:00,1.23
23/06/2016 00:00:00,1.3
24/06/2016 00:00:00,1.32
25/06/2016 00:00:00,1.26
26/06/2016 00:00:00,1.26
27/06/2016 00:00:00,1.33
28/06/2016 00:00:00,1.58
29/06/2016 00:00:00,1.46
30/06/2016 00:00:00,1.36
01/07/2016 00:00:00,1.39
02/07/2016 00:00:00,1.27
03/07/2016 00:00:00,1.27
04/07/2016 00:00:00,0
05/07/2016 00:00:00,0
06/07/2016 00:00:00,0
07/07/2016 00:00:00,0
08/07/2016 00:00:00,0
09/07/2016 00:00:00,0
10/07/2016 00:00:00,0
11/07/2016 00:00:00,0
12/07/2016 00:00:00,1.37
13/07/2016 00:00:00,1.4
14/07/2016 00:00:00,1.37
15/07/2016 00:00:00,1.35
16/07/2016 00:00:00,1.27
17/07/2016 00:00:00,1.34
18/07/2016 00:00:00,1.39
19/07/2016 00:00:00,1.58
20/07/2016 00:00:00,1.63
21/07/2016 00:00:00,1.52
22/07/2016 00:00:00,1.42
23/07/2016 00:00:00,1.4
24/07/2016 00:00:00,1.37
25/07/2016 00:00:00,1.47
26/07/2016 00:00:00,1.46
27/07/2016 00:00:00,1.51
28/07/2016 00:00:00,1.45
29/07/2016 00:00:00,1.47
30/07/2016 00:00:00,1.42
31/07/2016 00:00:00,1.41
01/08/2016 00:00:00,1.49
02/08/2016 00:00:00,1.56
03/08/2016 00:00:00,1.51
04/08/2016 00:00:00,1.52
05/08/2016 00:00:00,1.5
06/08/2016 00:00:00,1.47
07/08/2016 00:00:00,1.42
08/08/2016 00:00:00,1.51
09/08/2016 00:00:00,1.51
10/08/2016 00:00:00,1.53
11/08/2016 00:00:00,1.48
12/08/2016 00:00:00,1.48
13/08/2016 00:00:00,0
14/08/2016 00:00:00,1.43
15/08/2016 00:00:00,1.51
16/08/2016 00:00:00,1.52
17/08/2016 00:00:00,1.54
18/08/2016 00:00:00,1.48
19/08/2016 00:00:00,1.46
20/08/2016 00:00:00,1.46
21/08/2016 00:00:00,1.49
22/08/2016 00:00:00,1.48
23/08/2016 00:00:00,1.56
24/08/2016 00:00:00,1.5
25/08/2016 00:00:00,1.53
26/08/2016 00:00:00,1.54
27/08/2016 00:00:00,1.62
28/08/2016 00:00:00,1.58
29/08/2016 00:00:00,1.62
30/08/2016 00:00:00,1.6
31/08/2016 00:00:00,1.6
01/09/2016 00:00:00,1.56
02/09/2016 00:00:00,1.51
03/09/2016 00:00:00,1.51
04/09/2016 00:00:00,1.45
05/09/2016 00:00:00,1.56
06/09/2016 00:00:00,1.55
07/09/2016 00:00:00,1.58
08/09/2016 00:00:00,1.58
09/09/2016 00:00:00,1.54
10/09/2016 00:00:00,1.43
11/09/2016 00:00:00,1.5
12/09/2016 00:00:00,1.58
13/09/2016 00:00:00,1.53
14/09/2016 00:00:00,1.54
15/09/2016 00:00:00,1.53
16/09/2016 00:00:00,1.49
17/09/2016 00:00:00,1.21
18/09/2016 00:00:00,1.1
19/09/2016 00:00:00,1.04
20/09/2016 00:00:00,0.99
21/09/2016 00:00:00,1.06
22/09/2016 00:00:00,1.16
23/09/2016 00:00:00,1.12
24/09/2016 00:00:00,1.11
25/09/2016 00:00:00,1.14
26/09/2016 00:00:00,1.17
27/09/2016 00:00:00,1.15
28/09/2016 00:00:00,1.23
29/09/2016 00:00:00,1.23
30/09/2016 00:00:00,1.07
01/10/2016 00:00:00,1.08
02/10/2016 00:00:00,1.12
03/10/2016 00:00:00,1.2
04/10/2016 00:00:00,1.1
05/10/2016 00:00:00,1.07
06/10/2016 00:00:00,1.09
07/10/2016 00:00:00,1.18
08/10/2016 00:00:00,1.26
09/10/2016 00:00:00,1.21
10/10/2016 00:00:00,1.26
11/10/2016 00:00:00,1.27
12/10/2016 00:00:00,1.11
13/10/2016 00:00:00,1.1
14/10/2016 00:00:00,1.16
15/10/2016 00:00:00,1.23
16/10/2016 00:00:00,1.21
17/10/2016 00:00:00,1.27
18/10/2016 00:00:00,1.29
19/10/2016 00:00:00,1.3
20/10/2016 00:00:00,1.25
21/10/2016 00:00:00,1.22
22/10/2016 00:00:00,1.02
23/10/2016 00:00:00,1
24/10/2016 00:00:00,1.11
25/10/2016 00:00:00,1.15
26/10/2016 00:00:00,1.09
27/10/2016 00:00:00,0.98
28/10/2016 00:00:00,1
29/10/2016 00:00:00,1.01
30/10/2016 00:00:00,0.99
31/10/2016 00:00:00,1.1
01/11/2016 00:00:00,1.08
02/11/2016 00:00:00,1.04
03/11/2016 00:00:00,1.03
04/11/2016 00:00:00,1.04
05/11/2016 00:00:00,1.07
06/11/2016 00:00:00,0.93
07/11/2016 00:00:00,0.98
08/11/2016 00:00:00,1.01
09/11/2016 00:00:00,1.06
10/11/2016 00:00:00,1.09
11/11/2016 00:00:00,1.1
12/11/2016 00:00:00,1.09
13/11/2016 00:00:00,1.11
14/11/2016 00:00:00,1.12
15/11/2016 00:00:00,0.98
16/11/2016 00:00:00,1.12
17/11/2016 00:00:00,1.08
18/11/2016 00:00:00,1
19/11/2016 00:00:00,1.03
20/11/2016 00:00:00,0.89
21/11/2016 00:00:00,0.92
22/11/2016 00:00:00,0.9
23/11/2016 00:00:00,0.82
24/11/2016 00:00:00,0.87
25/11/2016 00:00:00,0.88
26/11/2016 00:00:00,0.81
27/11/2016 00:00:00,0.87
28/11/2016 00:00:00,0.87
29/11/2016 00:00:00,0.88
30/11/2016 00:00:00,0.84
01/12/2016 00:00:00,0.82
02/12/2016 00:00:00,0.87
03/12/2016 00:00:00,0.84
04/12/2016 00:00:00,0.86
05/12/2016 00:00:00,0.72
06/12/2016 00:00:00,0.98
07/12/2016 00:00:00,0.93
08/12/2016 00:00:00,0.84
09/12/2016 00:00:00,1.01
10/12/2016 00:00:00,0.92
11/12/2016 00:00:00,0.89
12/12/2016 00:00:00,0.92
13/12/2016 00:00:00,0.97
14/12/2016 00:00:00,0.75
15/12/2016 00:00:00,0.89
16/12/2016 00:00:00,0.84
17/12/2016 00:00:00,0.83
18/12/2016 00:00:00,0.72
19/12/2016 00:00:00,0.66
20/12/2016 00:00:00,0.67
21/12/2016 00:00:00,0.71
22/12/2016 00:00:00,0.65
23/12/2016 00:00:00,0.69
24/12/2016 00:00:00,0.69
25/12/2016 00:00:00,0.63
26/12/2016 00:00:00,0.64
27/12/2016 00:00:00,0.63
28/12/2016 00:00:00,0.63
29/12/2016 00:00:00,0.67
30/12/2016 00:00:00,0.66
31/12/2016 00:00:00,0.65
01/01/2017 00:00:00,0.64
02/01/2017 00:00:00,0.65
03/01/2017 00:00:00,0.56
04/01/2017 00:00:00,0.55
05/01/2017 00:00:00,0.67
06/01/2017 00:00:00,0.73
07/01/2017 00:00:00,0.75
08/01/2017 00:00:00,0.9
09/01/2017 00:00:00,0.9
10/01/2017 00:00:00,0.84
11/01/2017 00:00:00,0.83
12/01/2017 00:00:00,0.67
13/01/2017 00:00:00,0.73
14/01/2017 00:00:00,0.76
15/01/2017 00:00:00,0.81
16/01/2017 00:00:00,0.99
17/01/2017 00:00:00,0.69
18/01/2017 00:00:00,0.76
19/01/2017 00:00:00,0.77
20/01/2017 00:00:00,0.95
21/01/2017 00:00:00,0.73
22/01/2017 00:00:00,0.7
23/01/2017 00:00:00,0.67
24/01/2017 00:00:00,0.66
25/01/2017 00:00:00,0.66
26/01/2017 00:00:00,0.66
27/01/2017 00:00:00,0.66
28/01/2017 00:00:00,0.68
29/01/2017 00:00:00,0.83
30/01/2017 00:00:00,0.67
31/01/2017 00:00:00,0.7
01/02/2017 00:00:00,0.76
02/02/2017 00:00:00,0.85
03/02/2017 00:00:00,0.94
04/02/2017 00:00:00,0.9
05/02/2017 00:00:00,0.74
06/02/2017 00:00:00,0.71
07/02/2017 00:00:00,0.72
08/02/2017 00:00:00,0.72
09/02/2017 00:00:00,0.72
10/02/2017 00:00:00,0.71
11/02/2017 00:00:00,0.73
12/02/2017 00:00:00,0.72
13/02/2017 00:00:00,0.79
14/02/2017 00:00:00,0.88
15/02/2017 00:00:00,0.9
16/02/2017 00:00:00,0.88
17/02/2017 00:00:00,0.84
18/02/2017 00:00:00,0.87
19/02/2017 00:00:00,0.86
20/02/2017 00:00:00,0.83
21/02/2017 00:00:00,0.88
22/02/2017 00:00:00,0.96
23/02/2017 00:00:00,0.92
24/02/2017 00:00:00,0.94
25/02/2017 00:00:00,0.92
26/02/2017 00:00:00,0.92
27/02/2017 00:00:00,0.85
28/02/2017 00:00:00,0.89
01/03/2017 00:00:00,0.83
02/03/2017 00:00:00,0.98
03/03/2017 00:00:00,0.88
04/03/2017 00:00:00,0.74
05/03/2017 00:00:00,0.7
06/03/2017 00:00:00,0.72
07/03/2017 00:00:00,0.79
08/03/2017 00:00:00,0.76
09/03/2017 00:00:00,0.77
10/03/2017 00:00:00,0.78
11/03/2017 00:00:00,0.78
12/03/2017 00:00:00,0.79
13/03/2017 00:00:00,0.8
14/03/2017 00:00:00,0.78
15/03/2017 00:00:00,0.78
16/03/2017 00:00:00,0.79
17/03/2017 00:00:00,0.76
18/03/2017 00:00:00,0.75
19/03/2017 00:00:00,0.8
20/03/2017 00:00:00,0.83
21/03/2017 00:00:00,0.82
22/03/2017 00:00:00,0.81
23/03/2017 00:00:00,0.79
24/03/2017 00:00:00,0.8
25/03/2017 00:00:00,0.8
26/03/2017 00:00:00,0.77
27/03/2017 00:00:00,0.77
28/03/2017 00:00:00,0.73
29/03/2017 00:00:00,0.88
30/03/2017 00:00:00,0.83
31/03/2017 00:00:00,0.77
01/04/2017 00:00:00,0.75
02/04/2017 00:00:00,0.8
03/04/2017 00:00:00,0.85
04/04/2017 00:00:00,0.86
05/04/2017 00:00:00,0.89
06/04/2017 00:00:00,0.82
07/04/2017 00:00:00,0.82
08/04/2017 00:00:00,0.83
09/04/2017 00:00:00,0.83
10/04/2017 00:00:00,0.83
11/04/2017 00:00:00,0.77
12/04/2017 00:00:00,0.79
13/04/2017 00:00:00,0.8
14/04/2017 00:00:00,0.79
15/04/2017 00:00:00,0.79
16/04/2017 00:00:00,0.81
17/04/2017 00:00:00,0.87
18/04/2017 00:00:00,0.87
19/04/2017 00:00:00,0.88
20/04/2017 00:00:00,0.9
21/04/2017 00:00:00,0.93
22/04/2017 00:00:00,0.96
23/04/2017 00:00:00,0.96
24/04/2017 00:00:00,0.97
25/04/2017 00:00:00,1
26/04/2017 00:00:00,0.98
27/04/2017 00:00:00,0.91
28/04/2017 00:00:00,0.87
29/04/2017 00:00:00,0.98
30/04/2017 00:00:00,0.98
01/05/2017 00:00:00,1.05
02/05/2017 00:00:00,1.09
03/05/2017 00:00:00,1.1
04/05/2017 00:00:00,1.04
05/05/2017 00:00:00,1.13
06/05/2017 00:00:00,1.15
07/05/2017 00:00:00,1.19
08/05/2017 00:00:00,1.34
09/05/2017 00:00:00,1.28
10/05/2017 00:00:00,1.28
11/05/2017 00:00:00,1.3
12/05/2017 00:00:00,1.27
13/05/2017 00:00:00,1.29
14/05/2017 00:00:00,1.24
15/05/2017 00:00:00,1.35
16/05/2017 00:00:00,1.32
17/05/2017 00:00:00,1.31
18/05/2017 00:00:00,1.3
19/05/2017 00:00:00,1.25
20/05/2017 00:00:00,1.23
21/05/2017 00:00:00,1.22
22/05/2017 00:00:00,1.29
23/05/2017 00:00:00,1.36
24/05/2017 00:00:00,1.36
25/05/2017 00:00:00,1.35
26/05/2017 00:00:00,1.37
27/05/2017 00:00:00,1.32
28/05/2017 00:00:00,1.35
29/05/2017 00:00:00,1.39
30/05/2017 00:00:00,1.39
31/05/2017 00:00:00,1.41
01/06/2017 00:00:00,1.45
02/06/2017 00:00:00,1.47
03/06/2017 00:00:00,1.41
04/06/2017 00:00:00,1.39
05/06/2017 00:00:00,1.48
06/06/2017 00:00:00,1.52
07/06/2017 00:00:00,1.48
08/06/2017 00:00:00,1.48
09/06/2017 00:00:00,1.45
10/06/2017 00:00:00,1.42
11/06/2017 00:00:00,1.37
12/06/2017 00:00:00,1.46
13/06/2017 00:00:00,1.54
14/06/2017 00:00:00,1.44
15/06/2017 00:00:00,1.49
16/06/2017 00:00:00,1.43
17/06/2017 00:00:00,1.43
18/06/2017 00:00:00,1.37
19/06/2017 00:00:00,1.55
20/06/2017 00:00:00,1.51
21/06/2017 00:00:00,1.51
22/06/2017 00:00:00,1.48
23/06/2017 00:00:00,1.58
24/06/2017 00:00:00,1.39
25/06/2017 00:00:00,1.42
26/06/2017 00:00:00,1.44
27/06/2017 00:00:00,1.45
28/06/2017 00:00:00,1.43
29/06/2017 00:00:00,1.41
30/06/2017 00:00:00,1.45
01/07/2017 00:00:00,1.46
02/07/2017 00:00:00,1.35
03/07/2017 00:00:00,1.53
04/07/2017 00:00:00,1.46
05/07/2017 00:00:00,1.49
06/07/2017 00:00:00,1.44
07/07/2017 00:00:00,1.46
08/07/2017 00:00:00,1.39
09/07/2017 00:00:00,1.42
10/07/2017 00:00:00,1.5
11/07/2017 00:00:00,1.5
12/07/2017 00:00:00,1.46
13/07/2017 00:00:00,1.47
14/07/2017 00:00:00,1.48
15/07/2017 00:00:00,1.39
16/07/2017 00:00:00,1.39
17/07/2017 00:00:00,1.52
18/07/2017 00:00:00,1.48
19/07/2017 00:00:00,1.55
20/07/2017 00:00:00,1.48
21/07/2017 00:00:00,1.49
22/07/2017 00:00:00,1.45
23/07/2017 00:00:00,1.47
24/07/2017 00:00:00,1.55
25/07/2017 00:00:00,1.54
26/07/2017 00:00:00,1.52
27/07/2017 00:00:00,1.45
28/07/2017 00:00:00,1.45
29/07/2017 00:00:00,1.4
30/07/2017 00:00:00,1.42
31/07/2017 00:00:00,1.52
01/08/2017 00:00:00,1.47
02/08/2017 00:00:00,1.55
03/08/2017 00:00:00,1.52
04/08/2017 00:00:00,1.52
05/08/2017 00:00:00,1.46
06/08/2017 00:00:00,1.42
07/08/2017 00:00:00,1.47
08/08/2017 00:00:00,1.5
09/08/2017 00:00:00,1.55
10/08/2017 00:00:00,1.51
11/08/2017 00:00:00,1.5
12/08/2017 00:00:00,1.46
13/08/2017 00:00:00,1.47
14/08/2017 00:00:00,1.5
15/08/2017 00:00:00,1.47
16/08/2017 00:00:00,1.42
17/08/2017 00:00:00,1.47
18/08/2017 00:00:00,1.47
19/08/2017 00:00:00,1.43
20/08/2017 00:00:00,1.44
21/08/2017 00:00:00,1.51
22/08/2017 00:00:00,1.51
23/08/2017 00:00:00,1.48
24/08/2017 00:00:00,1.49
25/08/2017 00:00:00,1.45
26/08/2017 00:00:00,1.45
27/08/2017 00:00:00,1.43
28/08/2017 00:00:00,1.52
29/08/2017 00:00:00,1.53
30/08/2017 00:00:00,1.54
31/08/2017 00:00:00,1.53
01/09/2017 00:00:00,1.51
02/09/2017 00:00:00,1.47
03/09/2017 00:00:00,1.46
04/09/2017 00:00:00,1.51
05/09/2017 00:00:00,1.55
06/09/2017 00:00:00,1.51
07/09/2017 00:00:00,1.53
08/09/2017 00:00:00,1.5
09/09/2017 00:00:00,1.5
10/09/2017 00:00:00,1.47
11/09/2017 00:00:00,1.54
12/09/2017 00:00:00,1.57
13/09/2017 00:00:00,1.54
14/09/2017 00:00:00,1.53
15/09/2017 00:00:00,1.52
16/09/2017 00:00:00,1.5
17/09/2017 00:00:00,1.51
18/09/2017 00:00:00,1.57
19/09/2017 00:00:00,1.55
20/09/2017 00:00:00,0
21/09/2017 00:00:00,1.55
22/09/2017 00:00:00,1.55
23/09/2017 00:00:00,1.51
24/09/2017 00:00:00,1.63
25/09/2017 00:00:00,1.66
26/09/2017 00:00:00,1.61
27/09/2017 00:00:00,1.59
28/09/2017 00:00:00,1.54
29/09/2017 00:00:00,1.59
30/09/2017 00:00:00,1.58
01/10/2017 00:00:00,1.36
02/10/2017 00:00:00,1.3
03/10/2017 00:00:00,1.4
04/10/2017 00:00:00,1.42
05/10/2017 00:00:00,1.42
06/10/2017 00:00:00,1.42
07/10/2017 00:00:00,1.38
08/10/2017 00:00:00,1.37
09/10/2017 00:00:00,1.51
10/10/2017 00:00:00,1.51
11/10/2017 00:00:00,1.5
12/10/2017 00:00:00,1.45
13/10/2017 00:00:00,1.44
14/10/2017 00:00:00,1.29
15/10/2017 00:00:00,1.26
16/10/2017 00:00:00,1.21
17/10/2017 00:00:00,1.32
18/10/2017 00:00:00,1.13
19/10/2017 00:00:00,1.1
20/10/2017 00:00:00,1.11
21/10/2017 00:00:00,1.15
22/10/2017 00:00:00,1.06
23/10/2017 00:00:00,1.14
24/10/2017 00:00:00,1.23
25/10/2017 00:00:00,1.25
26/10/2017 00:00:00,1.21
27/10/2017 00:00:00,1.22
28/10/2017 00:00:00,1.2
29/10/2017 00:00:00,1.27
30/10/2017 00:00:00,1.17
31/10/2017 00:00:00,1.15
01/11/2017 00:00:00,1
02/11/2017 00:00:00,1.07
03/11/2017 00:00:00,1.12
04/11/2017 00:00:00,1.13
05/11/2017 00:00:00,1.1
06/11/2017 00:00:00,1.17
07/11/2017 00:00:00,1.14
08/11/2017 00:00:00,1.14
09/11/2017 00:00:00,1.1
10/11/2017 00:00:00,1.06
11/11/2017 00:00:00,0.92
12/11/2017 00:00:00,0.96
13/11/2017 00:00:00,1.03
14/11/2017 00:00:00,1
15/11/2017 00:00:00,0.96
16/11/2017 00:00:00,0.95
17/11/2017 00:00:00,0.9
18/11/2017 00:00:00,0.93
19/11/2017 00:00:00,0.94
20/11/2017 00:00:00,0.96
21/11/2017 00:00:00,0.97
22/11/2017 00:00:00,0.96
23/11/2017 00:00:00,0.92
24/11/2017 00:00:00,0.91
25/11/2017 00:00:00,0.95
26/11/2017 00:00:00,0.72
27/11/2017 00:00:00,0.98
28/11/2017 00:00:00,1.04
29/11/2017 00:00:00,1.12
30/11/2017 00:00:00,1.13
01/12/2017 00:00:00,1.11
02/12/2017 00:00:00,1.04
03/12/2017 00:00:00,1.06
04/12/2017 00:00:00,1.02
05/12/2017 00:00:00,1
06/12/2017 00:00:00,0.96
07/12/2017 00:00:00,0.91
08/12/2017 00:00:00,1.04
09/12/2017 00:00:00,1.05
10/12/2017 00:00:00,1.11
11/12/2017 00:00:00,1.11
12/12/2017 00:00:00,1.1
13/12/2017 00:00:00,1.19
14/12/2017 00:00:00,1.54
15/12/2017 00:00:00,1.05
16/12/2017 00:00:00,1.03
17/12/2017 00:00:00,0.99
18/12/2017 00:00:00,1.22
19/12/2017 00:00:00,0.98
20/12/2017 00:00:00,1.12
21/12/2017 00:00:00,1.15
22/12/2017 00:00:00,0.94
23/12/2017 00:00:00,0.94
24/12/2017 00:00:00,0.92
25/12/2017 00:00:00,0.8
26/12/2017 00:00:00,0.82
27/12/2017 00:00:00,0.84
28/12/2017 00:00:00,0.9
29/12/2017 00:00:00,0.92
30/12/2017 00:00:00,0.96
31/12/2017 00:00:00,0.96
01/01/2018 00:00:00,0.95
02/01/2018 00:00:00,0.94
03/01/2018 00:00:00,0.98
04/01/2018 00:00:00,0.96
05/01/2018 00:00:00,0.97
06/01/2018 00:00:00,0.91
07/01/2018 00:00:00,0.83
08/01/2018 00:00:00,0.85
09/01/2018 00:00:00,0.86
10/01/2018 00:00:00,0.87
11/01/2018 00:00:00,0.9
12/01/2018 00:00:00,0.88
13/01/2018 00:00:00,0.85
14/01/2018 00:00:00,0.87
15/01/2018 00:00:00,0.83
16/01/2018 00:00:00,0.91
17/01/2018 00:00:00,0.86
18/01/2018 00:00:00,0.86
19/01/2018 00:00:00,0.86
20/01/2018 00:00:00,0.86
21/01/2018 00:00:00,0.82
22/01/2018 00:00:00,0.76
23/01/2018 00:00:00,0.79
24/01/2018 00:00:00,0.86
25/01/2018 00:00:00,0.81
26/01/2018 00:00:00,0.8
27/01/2018 00:00:00,0.84
28/01/2018 00:00:00,0.86
29/01/2018 00:00:00,0.91
30/01/2018 00:00:00,1.04
31/01/2018 00:00:00,1.13
01/02/2018 00:00:00,0.88
02/02/2018 00:00:00,0.86
03/02/2018 00:00:00,0.85
04/02/2018 00:00:00,0.86
05/02/2018 00:00:00,0.87
06/02/2018 00:00:00,0.84
07/02/2018 00:00:00,0.88
08/02/2018 00:00:00,0.85
09/02/2018 00:00:00,0.72
10/02/2018 00:00:00,0.86
11/02/2018 00:00:00,0.85
12/02/2018 00:00:00,0.88
13/02/2018 00:00:00,0.8
14/02/2018 00:00:00,0.87
15/02/2018 00:00:00,0.8
16/02/2018 00:00:00,0.82
17/02/2018 00:00:00,0.82
18/02/2018 00:00:00,0.84
19/02/2018 00:00:00,0.88
20/02/2018 00:00:00,0.85
21/02/2018 00:00:00,0.92
22/02/2018 00:00:00,0.86
23/02/2018 00:00:00,0.9
24/02/2018 00:00:00,0.89
25/02/2018 00:00:00,0.92
26/02/2018 00:00:00,0.86
27/02/2018 00:00:00,0.91
28/02/2018 00:00:00,0.91
01/03/2018 00:00:00,0.97
02/03/2018 00:00:00,1.04
03/03/2018 00:00:00,0.93
04/03/2018 00:00:00,0.92
05/03/2018 00:00:00,0.88
06/03/2018 00:00:00,0.72
07/03/2018 00:00:00,0.82
08/03/2018 00:00:00,0.89
09/03/2018 00:00:00,0.89
10/03/2018 00:00:00,0.9
11/03/2018 00:00:00,0.92
12/03/2018 00:00:00,0.89
13/03/2018 00:00:00,0.89
14/03/2018 00:00:00,0.9
15/03/2018 00:00:00,0.88
16/03/2018 00:00:00,1.05
17/03/2018 00:00:00,1.15
18/03/2018 00:00:00,1.34
19/03/2018 00:00:00,0.99
20/03/2018 00:00:00,1
21/03/2018 00:00:00,0.97
22/03/2018 00:00:00,0.98
23/03/2018 00:00:00,0.92
24/03/2018 00:00:00,0.92
25/03/2018 00:00:00,0.92
26/03/2018 00:00:00,0.92
27/03/2018 00:00:00,0.93
28/03/2018 00:00:00,0.94
29/03/2018 00:00:00,0.94
30/03/2018 00:00:00,0.95
31/03/2018 00:00:00,0.93
01/04/2018 00:00:00,0.92
02/04/2018 00:00:00,1.03
03/04/2018 00:00:00,0.93
04/04/2018 00:00:00,0.95
05/04/2018 00:00:00,0.93
06/04/2018 00:00:00,0.78
07/04/2018 00:00:00,0.96
08/04/2018 00:00:00,1.01
09/04/2018 00:00:00,1
10/04/2018 00:00:00,1.01
11/04/2018 00:00:00,1.22
12/04/2018 00:00:00,0.96
13/04/2018 00:00:00,0.93
14/04/2018 00:00:00,0.89
15/04/2018 00:00:00,0.93
16/04/2018 00:00:00,0.99
17/04/2018 00:00:00,1.07
18/04/2018 00:00:00,1.15
19/04/2018 00:00:00,1.11
20/04/2018 00:00:00,1.08
21/04/2018 00:00:00,1.08
22/04/2018 00:00:00,1.13
23/04/2018 00:00:00,1.35
24/04/2018 00:00:00,1.22
25/04/2018 00:00:00,1.22
26/04/2018 00:00:00,1.23
27/04/2018 00:00:00,1.28
28/04/2018 00:00:00,1.28
29/04/2018 00:00:00,1.3
30/04/2018 00:00:00,1.18
01/05/2018 00:00:00,1.58
02/05/2018 00:00:00,1.35
03/05/2018 00:00:00,1.36
04/05/2018 00:00:00,1.33
05/05/2018 00:00:00,1.32
06/05/2018 00:00:00,1.32
07/05/2018 00:00:00,1.41
08/05/2018 00:00:00,1.42
09/05/2018 00:00:00,1.45
10/05/2018 00:00:00,1.46
11/05/2018 00:00:00,1.43
12/05/2018 00:00:00,1.46
13/05/2018 00:00:00,1.47
14/05/2018 00:00:00,1.5
15/05/2018 00:00:00,1.48
16/05/2018 00:00:00,1.54
17/05/2018 00:00:00,1.47
18/05/2018 00:00:00,1.43
19/05/2018 00:00:00,1.43
20/05/2018 00:00:00,1.41
21/05/2018 00:00:00,1.5
22/05/2018 00:00:00,0
23/05/2018 00:00:00,1.56
24/05/2018 00:00:00,1.55
25/05/2018 00:00:00,1.52
26/05/2018 00:00:00,1.44
27/05/2018 00:00:00,1.45
28/05/2018 00:00:00,1.51
29/05/2018 00:00:00,1.46
30/05/2018 00:00:00,1.48
31/05/2018 00:00:00,1.5
01/06/2018 00:00:00,1.46
02/06/2018 00:00:00,1.45
03/06/2018 00:00:00,1.48
04/06/2018 00:00:00,1.54
05/06/2018 00:00:00,1.58
06/06/2018 00:00:00,1.48
07/06/2018 00:00:00,1.51
08/06/2018 00:00:00,1.47
09/06/2018 00:00:00,1.53
10/06/2018 00:00:00,1.34
11/06/2018 00:00:00,1.49
12/06/2018 00:00:00,1.48
13/06/2018 00:00:00,1.49
14/06/2018 00:00:00,1.54
15/06/2018 00:00:00,1.39
16/06/2018 00:00:00,1.45
17/06/2018 00:00:00,1.46
18/06/2018 00:00:00,1.55
19/06/2018 00:00:00,1.49
20/06/2018 00:00:00,1.47
21/06/2018 00:00:00,1.47
22/06/2018 00:00:00,1.41
23/06/2018 00:00:00,1.37
24/06/2018 00:00:00,1.41
25/06/2018 00:00:00,1.46
26/06/2018 00:00:00,1.48
27/06/2018 00:00:00,1.47
28/06/2018 00:00:00,1.49
29/06/2018 00:00:00,1.44
30/06/2018 00:00:00,1.4
01/07/2018 00:00:00,1.44
02/07/2018 00:00:00,1.48
03/07/2018 00:00:00,1.51
04/07/2018 00:00:00,1.51
05/07/2018 00:00:00,1.47
06/07/2018 00:00:00,1.43
07/07/2018 00:00:00,1.32
08/07/2018 00:00:00,1.34
09/07/2018 00:00:00,1.43
10/07/2018 00:00:00,1.43
11/07/2018 00:00:00,1.45
12/07/2018 00:00:00,1.46
13/07/2018 00:00:00,1.39
14/07/2018 00:00:00,1.37
15/07/2018 00:00:00,1.37
16/07/2018 00:00:00,1.43
17/07/2018 00:00:00,1.46
18/07/2018 00:00:00,1.43
19/07/2018 00:00:00,1.44
20/07/2018 00:00:00,1.41
21/07/2018 00:00:00,1.38
22/07/2018 00:00:00,1.4
23/07/2018 00:00:00,1.47
24/07/2018 00:00:00,1.44
25/07/2018 00:00:00,1.39
26/07/2018 00:00:00,1.47
27/07/2018 00:00:00,1.4
28/07/2018 00:00:00,1.28
29/07/2018 00:00:00,1.38
30/07/2018 00:00:00,1.38
31/07/2018 00:00:00,1.43
01/08/2018 00:00:00,1.49
02/08/2018 00:00:00,1.42
03/08/2018 00:00:00,1.37
04/08/2018 00:00:00,1.34
05/08/2018 00:00:00,1.53
06/08/2018 00:00:00,1.68
07/08/2018 00:00:00,1.45
08/08/2018 00:00:00,1.47
09/08/2018 00:00:00,1.45
10/08/2018 00:00:00,1.41
11/08/2018 00:00:00,1.38
12/08/2018 00:00:00,1.4
13/08/2018 00:00:00,1.47
14/08/2018 00:00:00,1.5
15/08/2018 00:00:00,1.49
16/08/2018 00:00:00,1.47
17/08/2018 00:00:00,1.42
18/08/2018 00:00:00,1.37
19/08/2018 00:00:00,1.36
20/08/2018 00:00:00,1.44
21/08/2018 00:00:00,1.42
22/08/2018 00:00:00,1.42
23/08/2018 00:00:00,1.37
24/08/2018 00:00:00,1.32
25/08/2018 00:00:00,1.32
26/08/2018 00:00:00,1.37
27/08/2018 00:00:00,1.36
28/08/2018 00:00:00,1.39
29/08/2018 00:00:00,1.4
30/08/2018 00:00:00,1.38
31/08/2018 00:00:00,1.3
01/09/2018 00:00:00,1.31
02/09/2018 00:00:00,1.41
03/09/2018 00:00:00,1.54
04/09/2018 00:00:00,1.42
05/09/2018 00:00:00,1.44
06/09/2018 00:00:00,1.39
07/09/2018 00:00:00,1.35
08/09/2018 00:00:00,1.35
09/09/2018 00:00:00,1.37
10/09/2018 00:00:00,1.42
11/09/2018 00:00:00,1.41
12/09/2018 00:00:00,1.41
13/09/2018 00:00:00,1.41
14/09/2018 00:00:00,1.37
15/09/2018 00:00:00,1.38
16/09/2018 00:00:00,1.38
17/09/2018 00:00:00,1.42
18/09/2018 00:00:00,1.48
19/09/2018 00:00:00,1.51
20/09/2018 00:00:00,1.44
21/09/2018 00:00:00,1.41
22/09/2018 00:00:00,1.41
23/09/2018 00:00:00,1.4
24/09/2018 00:00:00,1.45
25/09/2018 00:00:00,1.29
26/09/2018 00:00:00,1.31
27/09/2018 00:00:00,1.25
28/09/2018 00:00:00,1.24
29/09/2018 00:00:00,1.36
30/09/2018 00:00:00,1.49
01/10/2018 00:00:00,1.43
02/10/2018 00:00:00,1.48
03/10/2018 00:00:00,1.49
04/10/2018 00:00:00,1.44
05/10/2018 00:00:00,1.44
06/10/2018 00:00:00,1.37
07/10/2018 00:00:00,1.38
08/10/2018 00:00:00,1.48
09/10/2018 00:00:00,1.5
10/10/2018 00:00:00,1.47
11/10/2018 00:00:00,1.47
12/10/2018 00:00:00,1.45
13/10/2018 00:00:00,1.41
14/10/2018 00:00:00,1.42
15/10/2018 00:00:00,1.49
16/10/2018 00:00:00,1.33
17/10/2018 00:00:00,0
18/10/2018 00:00:00,0
19/10/2018 00:00:00,1.29
20/10/2018 00:00:00,1.3
21/10/2018 00:00:00,1.19
22/10/2018 00:00:00,1.34
23/10/2018 00:00:00,1.28
24/10/2018 00:00:00,1.4
25/10/2018 00:00:00,1.42
26/10/2018 00:00:00,1.25
27/10/2018 00:00:00,1.18
28/10/2018 00:00:00,1.18
29/10/2018 00:00:00,1.32
