ID, PHY_mpb
1,150
2,50
3,50
4,50
5,0
6,50
7,50
8,150
9,50
10,0
11,150
12,50
13,0
14,0
15,0
16,0
17,0
18,0
19,0
20,0
21,0
22,50
23,0
24,0
25,50
26,0
27,0
28,0
29,150
30,50
31,0
32,150
33,0
34,0
35,0
36,0
37,0
38,0
39,0
40,0
41,0
42,0
43,0
44,0
45,50
46,0
47,0
48,0
49,0
50,0
51,0
52,0
53,0
54,0
55,0
56,0
57,150
58,50
59,0
60,0
61,50
62,0
63,0
64,0
65,0
66,0
67,0
68,0
69,0
70,0
71,0
72,50
73,50
74,0
75,0
76,0
77,0
78,0
79,0
80,0
81,0
82,0
83,0
84,0
85,0
86,0
87,50
88,0
89,0
90,0
91,0
92,0
93,50
94,0
95,0
96,0
97,0
98,0
99,0
100,0
101,0
102,0
103,0
104,0
105,0
106,0
107,0
108,0
109,50
110,50
111,0
112,0
113,0
114,0
115,0
116,0
117,0
118,0
119,0
120,0
121,0
122,0
123,0
124,0
125,0
126,0
127,50
128,0
129,0
130,0
131,0
132,0
133,0
134,0
135,0
136,0
137,0
138,0
139,0
140,0
141,0
142,0
143,0
144,0
145,0
146,0
147,50
148,0
149,50
150,0
151,0
152,0
153,0
154,0
155,0
156,0
157,0
158,0
159,0
160,0
161,0
162,0
163,0
164,0
165,0
166,50
167,50
168,0
169,0
170,0
171,0
172,0
173,0
174,0
175,0
176,0
177,0
178,0
179,0
180,0
181,0
182,0
183,0
184,0
185,0
186,0
187,0
188,0
189,50
190,0
191,0
192,50
193,0
194,0
195,0
196,0
197,0
198,0
199,0
200,0
201,0
202,0
203,0
204,0
205,0
206,0
207,0
208,0
209,50
210,50
211,0
212,0
213,0
214,0
215,0
216,0
217,0
218,0
219,0
220,0
221,0
222,0
223,0
224,0
225,0
226,0
227,0
228,0
229,0
230,0
231,0
232,0
233,0
234,0
235,0
236,0
237,50
238,0
239,0
240,0
241,0
242,0
243,0
244,0
245,0
246,0
247,0
248,0
249,0
250,0
251,0
252,0
253,0
254,0
255,0
256,0
257,50
258,0
259,150
260,0
261,0
262,0
263,0
264,0
265,0
266,0
267,0
268,0
269,0
270,0
271,0
272,0
273,0
274,0
275,0
276,0
277,0
278,0
279,0
280,0
281,0
282,0
283,0
284,0
285,0
286,0
287,0
288,0
289,0
290,50
291,0
292,0
293,0
294,0
295,0
296,0
297,0
298,0
299,0
300,0
301,0
302,0
303,0
304,0
305,0
306,0
307,0
308,50
309,0
310,50
311,50
312,0
313,0
314,0
315,0
316,0
317,0
318,0
319,0
320,0
321,0
322,0
323,0
324,0
325,0
326,0
327,0
328,0
329,0
330,0
331,0
332,0
333,0
334,0
335,0
336,0
337,0
338,0
339,0
340,0
341,0
342,0
343,0
344,50
345,50
346,0
347,0
348,0
349,0
350,0
351,0
352,0
353,0
354,0
355,0
356,0
357,0
358,0
359,0
360,0
361,0
362,0
363,0
364,0
365,0
366,0
367,0
368,50
369,0
370,0
371,50
372,50
373,150
374,50
375,0
376,0
377,0
378,0
379,0
380,0
381,0
382,0
383,0
384,0
385,0
386,0
387,0
388,0
389,0
390,0
391,0
392,0
393,0
394,0
395,0
396,0
397,0
398,0
399,0
400,0
401,0
402,0
403,0
404,0
405,50
406,50
407,0
408,0
409,0
410,50
411,0
412,0
413,0
414,0
415,0
416,0
417,0
418,0
419,0
420,0
421,0
422,0
423,0
424,0
425,0
426,0
427,0
428,0
429,0
430,0
431,0
432,0
433,0
434,0
435,0
436,0
437,150
438,50
439,50
440,0
441,0
442,0
443,0
444,0
445,0
446,0
447,0
448,0
449,0
450,0
451,0
452,0
453,0
454,0
455,0
456,0
457,0
458,0
459,0
460,0
461,0
462,0
463,0
464,0
465,0
466,0
467,0
468,0
469,0
470,0
471,50
472,50
473,50
474,0
475,50
476,50
477,0
478,150
479,150
480,0
481,0
482,0
483,0
484,0
485,0
486,0
487,0
488,0
489,0
490,0
491,0
492,0
493,0
494,0
495,0
496,0
497,0
498,0
499,0
500,0
501,0
502,0
503,0
504,0
505,0
506,0
507,50
508,50
509,150
510,50
511,50
512,0
513,0
514,0
515,0
516,0
517,0
518,0
519,0
520,0
521,0
522,0
523,0
524,0
525,0
526,0
527,0
528,0
529,0
530,0
531,0
532,0
533,0
534,0
535,0
536,0
537,0
538,0
539,0
540,0
541,0
542,0
543,50
544,50
545,0
546,0
547,150
548,0
549,0
550,0
551,0
552,0
553,0
554,0
555,0
556,0
557,0
558,0
559,0
560,0
561,0
562,0
563,0
564,0
565,0
566,0
567,0
568,0
569,0
570,0
571,0
572,0
573,0
574,50
575,50
576,50
577,50
578,150
579,0
580,0
581,0
582,0
583,0
584,0
585,0
586,0
587,0
588,0
589,0
590,0
591,0
592,0
593,0
594,0
595,0
596,0
597,0
598,0
599,0
600,0
601,0
602,0
603,0
604,0
605,0
606,0
607,50
608,0
609,0
610,0
611,50
612,150
613,50
614,50
615,0
616,0
617,0
618,0
619,0
620,0
621,0
622,0
623,0
624,0
625,0
626,0
627,0
628,0
629,0
630,0
631,0
632,0
633,0
634,0
635,0
636,0
637,0
638,0
639,0
640,150
641,50
642,50
643,50
644,0
645,50
646,0
647,0
648,0
649,0
650,0
651,0
652,0
653,0
654,0
655,0
656,0
657,0
658,0
659,0
660,0
661,0
662,0
663,0
664,0
665,0
666,0
667,0
668,0
669,0
670,0
671,0
672,0
673,0
674,0
675,0
676,0
677,0
678,0
679,0
680,0
681,0
682,0
683,50
684,0
685,0
686,0
687,50
688,150
689,150
690,50
691,50
692,50
693,0
694,0
695,0
696,0
697,0
698,0
699,0
700,0
701,0
702,0
703,0
704,0
705,0
706,0
707,0
708,0
709,0
710,0
711,0
712,0
713,0
714,0
715,0
716,0
717,0
718,0
719,0
720,150
721,50
722,150
723,50
724,50
725,50
726,0
727,0
728,0
729,0
730,0
731,0
732,0
733,0
734,0
735,0
736,0
737,0
738,0
739,0
740,0
741,0
742,0
743,0
744,0
745,0
746,0
747,0
748,50
749,0
750,0
751,50
752,0
753,0
754,0
755,0
756,50
757,0
758,50
759,0
760,0
761,0
762,150
763,50
764,50
765,150
766,150
767,0
768,0
769,0
770,0
771,0
772,0
773,0
774,0
775,0
776,0
777,0
778,0
779,0
780,0
781,0
782,0
783,0
784,0
785,0
786,0
787,0
788,0
789,0
790,0
791,0
792,150
793,50
794,50
795,50
796,50
797,0
798,0
799,0
800,0
801,0
802,0
803,0
804,0
805,0
806,0
807,50
808,50
809,50
810,50
811,50
812,50
813,0
814,0
815,50
816,50
817,50
818,50
819,50
820,50
821,50
822,50
823,50
824,50
825,50
826,50
827,50
828,50
829,50
830,50
831,50
832,50
833,50
834,50
835,0
836,50
837,50
838,0
839,50
840,50
841,0
842,50
843,50
844,50
845,150
846,0
847,0
848,0
849,0
850,0
851,0
852,0
853,0
854,0
855,0
856,0
857,0
858,0
859,0
860,0
861,0
862,0
863,0
864,0
865,0
866,0
867,150
868,50
869,150
870,50
871,50
872,50
873,0
874,0
875,0
876,0
877,50
878,50
879,50
880,50
881,50
882,50
883,50
884,50
885,50
886,50
887,50
888,50
889,50
890,50
891,50
892,50
893,50
894,50
895,50
896,50
897,50
898,50
899,50
900,50
901,50
902,50
903,50
904,50
905,50
906,50
907,50
908,50
909,50
910,0
911,0
912,0
913,0
914,50
915,50
916,50
917,50
918,50
919,150
920,0
921,0
922,0
923,0
924,0
925,0
926,0
927,0
928,0
929,0
930,0
931,0
932,0
933,0
934,0
935,0
936,0
937,0
938,0
939,0
940,0
941,0
942,0
943,0
944,0
945,50
946,50
947,150
948,50
949,50
950,50
951,50
952,50
953,0
954,50
955,50
956,50
957,50
958,50
959,50
960,50
961,50
962,50
963,50
964,50
965,50
966,50
967,50
968,50
969,50
970,50
971,50
972,50
973,50
974,50
975,150
976,50
977,150
978,50
979,150
980,150
981,50
982,50
983,50
984,50
985,50
986,50
987,50
988,50
989,50
990,50
991,0
992,0
993,0
994,50
995,50
996,50
997,50
998,150
999,0
1000,0
1001,0
1002,0
1003,0
1004,0
1005,0
1006,0
1007,0
1008,0
1009,0
1010,0
1011,0
1012,0
1013,0
1014,0
1015,0
1016,0
1017,0
1018,0
1019,0
1020,0
1021,0
1022,50
1023,50
1024,50
1025,150
1026,150
1027,50
1028,50
1029,50
1030,50
1031,50
1032,50
1033,50
1034,50
1035,50
1036,50
1037,50
1038,50
1039,50
1040,50
1041,50
1042,150
1043,150
1044,150
1045,150
1046,150
1047,150
1048,150
1049,150
1050,50
1051,50
1052,50
1053,150
1054,150
1055,150
1056,150
1057,150
1058,50
1059,50
1060,150
1061,50
1062,50
1063,50
1064,50
1065,50
1066,0
1067,50
1068,50
1069,50
1070,50
1071,0
1072,0
1073,0
1074,50
1075,50
1076,50
1077,0
1078,150
1079,0
1080,0
1081,0
1082,0
1083,0
1084,0
1085,0
1086,0
1087,0
1088,0
1089,0
1090,0
1091,0
1092,0
1093,0
1094,0
1095,0
1096,0
1097,50
1098,50
1099,50
1100,50
1101,150
1102,50
1103,50
1104,50
1105,50
1106,50
1107,50
1108,150
1109,50
1110,150
1111,150
1112,50
1113,50
1114,150
1115,50
1116,50
1117,50
1118,50
1119,150
1120,150
1121,150
1122,150
1123,150
1124,150
1125,50
1126,50
1127,150
1128,50
1129,150
1130,150
1131,50
1132,50
1133,50
1134,50
1135,50
1136,0
1137,0
1138,150
1139,150
1140,0
1141,0
1142,0
1143,0
1144,0
1145,150
1146,150
1147,50
1148,50
1149,0
1150,50
1151,0
1152,150
1153,0
1154,0
1155,0
1156,0
1157,0
1158,0
1159,0
1160,0
1161,0
1162,0
1163,0
1164,0
1165,0
1166,0
1167,0
1168,0
1169,0
1170,0
1171,0
1172,0
1173,0
1174,50
1175,50
1176,150
1177,50
1178,50
1179,50
1180,50
1181,50
1182,150
1183,150
1184,150
1185,150
1186,150
1187,150
1188,150
1189,150
1190,150
1191,150
1192,150
1193,150
1194,150
1195,150
1196,150
1197,150
1198,150
1199,150
1200,150
1201,50
1202,50
1203,150
1204,150
1205,150
1206,50
1207,50
1208,50
1209,0
1210,0
1211,50
1212,50
1213,0
1214,150
1215,0
1216,0
1217,0
1218,0
1219,0
1220,50
1221,50
1222,50
1223,0
1224,50
1225,150
1226,50
1227,0
1228,0
1229,0
1230,0
1231,0
1232,0
1233,0
1234,0
1235,0
1236,0
1237,0
1238,0
1239,0
1240,0
1241,0
1242,0
1243,0
1244,0
1245,0
1246,0
1247,0
1248,150
1249,50
1250,150
1251,50
1252,50
1253,50
1254,50
1255,150
1256,50
1257,150
1258,50
1259,150
1260,150
1261,150
1262,150
1263,150
1264,150
1265,150
1266,150
1267,50
1268,150
1269,150
1270,150
1271,50
1272,150
1273,50
1274,50
1275,50
1276,50
1277,0
1278,0
1279,50
1280,50
1281,50
1282,50
1283,0
1284,0
1285,0
1286,0
1287,0
1288,0
1289,50
1290,50
1291,50
1292,50
1293,50
1294,150
1295,150
1296,0
1297,0
1298,0
1299,0
1300,0
1301,0
1302,0
1303,0
1304,0
1305,0
1306,0
1307,0
1308,0
1309,50
1310,0
1311,0
1312,0
1313,0
1314,150
1315,50
1316,50
1317,150
1318,50
1319,50
1320,150
1321,150
1322,150
1323,150
1324,150
1325,150
1326,150
1327,150
1328,150
1329,150
1330,150
1331,150
1332,150
1333,150
1334,0
1335,0
1336,50
1337,50
1338,50
1339,50
1340,50
1341,0
1342,150
1343,150
1344,150
1345,150
1346,0
1347,0
1348,0
1349,0
1350,0
1351,0
1352,0
1353,50
1354,50
1355,50
1356,50
1357,50
1358,50
1359,150
1360,150
1361,150
1362,0
1363,0
1364,0
1365,0
1366,0
1367,0
1368,0
1369,0
1370,0
1371,0
1372,0
1373,0
1374,0
1375,50
1376,0
1377,0
1378,0
1379,50
1380,50
1381,50
1382,50
1383,150
1384,150
1385,50
1386,150
1387,150
1388,150
1389,150
1390,150
1391,150
1392,150
1393,150
1394,150
1395,150
1396,150
1397,150
1398,0
1399,0
1400,0
1401,50
1402,50
1403,50
1404,50
1405,50
1406,150
1407,50
1408,0
1409,0
1410,0
1411,150
1412,150
1413,0
1414,0
1415,0
1416,0
1417,0
1418,50
1419,50
1420,150
1421,50
1422,50
1423,150
1424,0
1425,0
1426,0
1427,0
1428,0
1429,0
1430,0
1431,0
1432,0
1433,0
1434,0
1435,0
1436,0
1437,0
1438,0
1439,50
1440,0
1441,0
1442,50
1443,50
1444,50
1445,50
1446,150
1447,150
1448,150
1449,150
1450,50
1451,150
1452,50
1453,50
1454,50
1455,150
1456,150
1457,50
1458,50
1459,150
1460,150
1461,150
1462,150
1463,150
1464,0
1465,0
1466,0
1467,0
1468,50
1469,0
1470,50
1471,50
1472,50
1473,50
1474,50
1475,50
1476,150
1477,0
1478,150
1479,0
1480,0
1481,0
1482,0
1483,50
1484,150
1485,50
1486,150
1487,0
1488,0
1489,0
1490,0
1491,0
1492,0
1493,0
1494,50
1495,0
1496,0
1497,0
1498,0
1499,0
1500,0
1501,0
1502,0
1503,0
1504,50
1505,0
1506,50
1507,50
1508,50
1509,150
1510,150
1511,150
1512,50
1513,50
1514,50
1515,50
1516,50
1517,50
1518,50
1519,50
1520,150
1521,150
1522,50
1523,50
1524,50
1525,150
1526,150
1527,150
1528,150
1529,150
1530,150
1531,0
1532,0
1533,0
1534,0
1535,0
1536,0
1537,0
1538,0
1539,0
1540,0
1541,0
1542,50
1543,0
1544,50
1545,50
1546,50
1547,50
1548,50
1549,150
1550,50
1551,150
1552,0
1553,0
1554,0
1555,0
1556,50
1557,150
1558,150
1559,0
1560,0
1561,0
1562,50
1563,0
1564,0
1565,0
1566,50
1567,0
1568,0
1569,0
1570,0
1571,0
1572,0
1573,0
1574,0
1575,0
1576,0
1577,0
1578,0
1579,50
1580,150
1581,150
1582,150
1583,150
1584,150
1585,50
1586,50
1587,50
1588,50
1589,50
1590,50
1591,50
1592,50
1593,50
1594,50
1595,50
1596,50
1597,50
1598,150
1599,50
1600,50
1601,50
1602,50
1603,150
1604,150
1605,150
1606,150
1607,150
1608,150
1609,150
1610,0
1611,0
1612,0
1613,0
1614,0
1615,0
1616,0
1617,0
1618,0
1619,0
1620,0
1621,0
1622,0
1623,0
1624,0
1625,50
1626,0
1627,50
1628,50
1629,0
1630,0
1631,0
1632,0
1633,0
1634,150
1635,150
1636,0
1637,50
1638,50
1639,0
1640,0
1641,0
1642,0
1643,0
1644,0
1645,50
1646,0
1647,0
1648,0
1649,0
1650,0
1651,0
1652,0
1653,0
1654,0
1655,0
1656,150
1657,150
1658,150
1659,50
1660,50
1661,0
1662,50
1663,0
1664,50
1665,0
1666,0
1667,150
1668,50
1669,50
1670,50
1671,50
1672,50
1673,50
1674,50
1675,150
1676,0
1677,0
1678,0
1679,0
1680,0
1681,0
1682,0
1683,0
1684,0
1685,0
1686,0
1687,0
1688,0
1689,0
1690,0
1691,0
1692,0
1693,0
1694,0
1695,0
1696,0
1697,0
1698,0
1699,150
1700,50
1701,50
1702,50
1703,0
1704,0
1705,0
1706,0
1707,0
1708,0
1709,0
1710,0
1711,50
1712,50
1713,0
1714,0
1715,0
1716,0
1717,0
1718,0
1719,0
1720,0
1721,50
1722,0
1723,50
1724,50
1725,50
1726,0
1727,50
1728,50
1729,150
1730,150
1731,150
1732,50
1733,150
1734,50
1735,150
1736,50
1737,150
1738,50
1739,0
1740,0
1741,0
1742,0
1743,0
1744,0
1745,0
1746,0
1747,0
1748,50
1749,50
1750,0
1751,0
1752,0
1753,0
1754,0
1755,50
1756,0
1757,0
1758,0
1759,0
1760,0
1761,50
1762,50
1763,50
1764,150
1765,50
1766,50
1767,0
1768,0
1769,50
1770,0
1771,0
1772,0
1773,0
1774,0
1775,0
1776,50
1777,50
1778,50
1779,0
1780,0
1781,50
1782,0
1783,0
1784,50
1785,0
1786,50
1787,50
1788,50
1789,50
1790,50
1791,50
1792,50
1793,50
1794,50
1795,150
1796,150
1797,150
1798,150
1799,150
1800,150
1801,150
1802,50
1803,150
1804,150
1805,0
1806,0
1807,0
1808,0
1809,50
1810,0
1811,0
1812,50
1813,50
1814,50
1815,0
1816,0
1817,0
1818,0
1819,50
1820,50
1821,50
1822,0
1823,50
1824,0
1825,0
1826,50
1827,50
1828,50
1829,50
1830,150
1831,50
1832,0
1833,50
1834,0
1835,0
1836,0
1837,0
1838,0
1839,0
1840,0
1841,0
1842,0
1843,50
1844,50
1845,50
1846,50
1847,50
1848,0
1849,0
1850,50
1851,50
1852,0
1853,0
1854,0
1855,50
1856,50
1857,50
1858,50
1859,50
1860,50
1861,50
1862,150
1863,150
1864,150
1865,150
1866,150
1867,150
1868,150
1869,0
1870,0
1871,0
1872,0
1873,0
1874,50
1875,0
1876,0
1877,0
1878,50
1879,50
1880,50
1881,0
1882,0
1883,0
1884,0
1885,0
1886,50
1887,50
1888,50
1889,0
1890,50
1891,0
1892,0
1893,0
1894,50
1895,50
1896,50
1897,150
1898,0
1899,0
1900,0
1901,0
1902,0
1903,0
1904,0
1905,0
1906,0
1907,50
1908,50
1909,50
1910,50
1911,150
1912,50
1913,50
1914,50
1915,50
1916,0
1917,0
1918,50
1919,0
1920,50
1921,50
1922,50
1923,50
1924,50
1925,50
1926,150
1927,50
1928,150
1929,150
1930,150
1931,50
1932,50
1933,50
1934,0
1935,0
1936,0
1937,0
1938,50
1939,0
1940,0
1941,0
1942,50
1943,50
1944,50
1945,0
1946,0
1947,0
1948,0
1949,50
1950,50
1951,0
1952,0
1953,50
1954,0
1955,0
1956,0
1957,50
1958,50
1959,150
1960,0
1961,0
1962,0
1963,0
1964,0
1965,0
1966,0
1967,0
1968,50
1969,50
1970,50
1971,50
1972,50
1973,50
1974,150
1975,50
1976,50
1977,50
1978,50
1979,50
1980,50
1981,50
1982,50
1983,50
1984,50
1985,50
1986,50
1987,150
1988,150
1989,150
1990,50
1991,150
1992,50
1993,50
1994,50
1995,50
1996,0
1997,0
1998,0
1999,0
2000,0
2001,0
2002,0
2003,50
2004,50
2005,50
2006,0
2007,0
2008,0
2009,0
2010,0
2011,0
2012,0
2013,50
2014,50
2015,50
2016,0
2017,0
2018,50
2019,50
2020,0
2021,50
2022,50
2023,50
2024,50
2025,50
2026,50
2027,50
2028,0
2029,0
2030,0
2031,0
2032,0
2033,0
2034,0
2035,50
2036,50
2037,50
2038,50
2039,50
2040,50
2041,50
2042,50
2043,50
2044,50
2045,150
2046,50
2047,50
2048,50
2049,50
2050,50
2051,50
2052,50
2053,50
2054,50
2055,50
2056,150
2057,150
2058,150
2059,50
2060,150
2061,50
2062,50
2063,50
2064,50
2065,50
2066,50
2067,50
2068,0
2069,0
2070,0
2071,0
2072,0
2073,0
2074,0
2075,0
2076,50
2077,50
2078,0
2079,0
2080,0
2081,0
2082,0
2083,0
2084,50
2085,0
2086,0
2087,0
2088,0
2089,0
2090,50
2091,50
2092,50
2093,50
2094,50
2095,50
2096,50
2097,50
2098,50
2099,50
2100,50
2101,150
2102,50
2103,150
2104,50
2105,50
2106,0
2107,0
2108,0
2109,0
2110,0
2111,0
2112,50
2113,50
2114,0
2115,50
2116,50
2117,50
2118,50
2119,50
2120,50
2121,50
2122,50
2123,150
2124,150
2125,150
2126,50
2127,50
2128,50
2129,50
2130,50
2131,50
2132,50
2133,150
2134,50
2135,150
2136,150
2137,50
2138,50
2139,50
2140,50
2141,50
2142,50
2143,50
2144,50
2145,0
2146,0
2147,0
2148,0
2149,0
2150,0
2151,0
2152,0
2153,0
2154,0
2155,50
2156,0
2157,0
2158,0
2159,0
2160,0
2161,0
2162,50
2163,0
2164,0
2165,0
2166,0
2167,50
2168,50
2169,50
2170,50
2171,50
2172,50
2173,50
2174,50
2175,50
2176,50
2177,50
2178,150
2179,150
2180,150
2181,150
2182,50
2183,50
2184,50
2185,50
2186,0
2187,0
2188,0
2189,0
2190,0
2191,0
2192,0
2193,50
2194,50
2195,0
2196,50
2197,50
2198,50
2199,50
2200,50
2201,50
2202,150
2203,50
2204,150
2205,50
2206,50
2207,50
2208,0
2209,50
2210,50
2211,150
2212,150
2213,50
2214,50
2215,50
2216,50
2217,50
2218,0
2219,50
2220,50
2221,50
2222,50
2223,50
2224,50
2225,0
2226,0
2227,0
2228,0
2229,0
2230,0
2231,0
2232,0
2233,0
2234,0
2235,0
2236,0
2237,0
2238,0
2239,0
2240,0
2241,0
2242,0
2243,50
2244,50
2245,0
2246,0
2247,0
2248,50
2249,50
2250,50
2251,50
2252,150
2253,150
2254,150
2255,150
2256,150
2257,150
2258,150
2259,150
2260,150
2261,150
2262,150
2263,50
2264,50
2265,50
2266,50
2267,0
2268,0
2269,0
2270,0
2271,0
2272,0
2273,0
2274,50
2275,50
2276,50
2277,50
2278,50
2279,50
2280,50
2281,50
2282,150
2283,150
2284,150
2285,50
2286,50
2287,50
2288,150
2289,150
2290,50
2291,50
2292,50
2293,50
2294,50
2295,50
2296,50
2297,0
2298,0
2299,50
2300,50
2301,50
2302,50
2303,50
2304,0
2305,0
2306,0
2307,0
2308,0
2309,0
2310,0
2311,50
2312,0
2313,0
2314,0
2315,0
2316,50
2317,50
2318,0
2319,50
2320,0
2321,0
2322,0
2323,0
2324,0
2325,0
2326,50
2327,0
2328,0
2329,50
2330,50
2331,50
2332,50
2333,150
2334,150
2335,150
2336,150
2337,50
2338,50
2339,150
2340,150
2341,150
2342,150
2343,150
2344,50
2345,150
2346,50
2347,50
2348,50
2349,50
2350,50
2351,50
2352,50
2353,50
2354,50
2355,50
2356,0
2357,0
2358,0
2359,50
2360,50
2361,150
2362,50
2363,50
2364,150
2365,150
2366,150
2367,150
2368,50
2369,50
2370,50
2371,150
2372,150
2373,50
2374,50
2375,50
2376,50
2377,50
2378,50
2379,50
2380,50
2381,0
2382,50
2383,0
2384,50
2385,50
2386,50
2387,50
2388,50
2389,50
2390,0
2391,0
2392,0
2393,0
2394,0
2395,50
2396,50
2397,50
2398,0
2399,0
2400,0
2401,0
2402,50
2403,50
2404,0
2405,50
2406,50
2407,0
2408,0
2409,0
2410,0
2411,0
2412,0
2413,50
2414,0
2415,0
2416,50
2417,50
2418,50
2419,50
2420,50
2421,150
2422,150
2423,150
2424,50
2425,150
2426,150
2427,150
2428,150
2429,50
2430,50
2431,150
2432,150
2433,150
2434,150
2435,50
2436,50
2437,50
2438,50
2439,50
2440,50
2441,50
2442,50
2443,50
2444,50
2445,50
2446,50
2447,50
2448,50
2449,50
2450,50
2451,150
2452,50
2453,150
2454,150
2455,50
2456,50
2457,50
2458,150
2459,150
2460,150
2461,150
2462,50
2463,50
2464,50
2465,50
2466,50
2467,50
2468,50
2469,50
2470,50
2471,50
2472,0
2473,0
2474,0
2475,50
2476,50
2477,50
2478,50
2479,50
2480,50
2481,50
2482,50
2483,50
2484,0
2485,0
2486,0
2487,0
2488,0
2489,0
2490,0
2491,50
2492,50
2493,50
2494,50
2495,0
2496,0
2497,0
2498,0
2499,0
2500,0
2501,50
2502,50
2503,50
2504,0
2505,0
2506,50
2507,0
2508,0
2509,0
2510,0
2511,0
2512,0
2513,0
2514,0
2515,0
2516,50
2517,50
2518,0
2519,0
2520,50
2521,150
2522,50
2523,150
2524,50
2525,150
2526,150
2527,150
2528,150
2529,50
2530,150
2531,150
2532,150
2533,150
2534,50
2535,50
2536,50
2537,50
2538,50
2539,50
2540,50
2541,50
2542,50
2543,50
2544,50
2545,50
2546,50
2547,50
2548,50
2549,50
2550,50
2551,50
2552,150
2553,50
2554,50
2555,50
2556,50
2557,50
2558,150
2559,150
2560,150
2561,150
2562,150
2563,150
2564,50
2565,150
2566,50
2567,50
2568,50
2569,50
2570,50
2571,50
2572,50
2573,0
2574,50
2575,50
2576,0
2577,50
2578,50
2579,50
2580,50
2581,50
2582,50
2583,50
2584,50
2585,50
2586,50
2587,50
2588,0
2589,0
2590,0
2591,0
2592,0
2593,0
2594,50
2595,50
2596,50
2597,50
2598,50
2599,50
2600,0
2601,0
2602,0
2603,0
2604,0
2605,0
2606,50
2607,50
2608,50
2609,0
2610,50
2611,50
2612,0
2613,0
2614,0
2615,0
2616,0
2617,0
2618,0
2619,0
2620,0
2621,0
2622,0
2623,50
2624,50
2625,0
2626,0
2627,0
2628,0
2629,50
2630,50
2631,50
2632,50
2633,150
2634,50
2635,150
2636,150
2637,150
2638,150
2639,150
2640,150
2641,150
2642,150
2643,150
2644,50
2645,50
2646,50
2647,50
2648,50
2649,50
2650,50
2651,50
2652,50
2653,50
2654,50
2655,50
2656,50
2657,50
2658,50
2659,50
2660,50
2661,150
2662,50
2663,50
2664,50
2665,150
2666,150
2667,150
2668,150
2669,150
2670,150
2671,150
2672,150
2673,150
2674,150
2675,150
2676,50
2677,50
2678,50
2679,50
2680,50
2681,50
2682,50
2683,50
2684,0
2685,0
2686,50
2687,50
2688,50
2689,50
2690,50
2691,50
2692,50
2693,50
2694,50
2695,50
2696,50
2697,50
2698,50
2699,0
2700,0
2701,0
2702,0
2703,50
2704,0
2705,50
2706,50
2707,50
2708,50
2709,50
2710,50
2711,50
2712,50
2713,0
2714,0
2715,0
2716,0
2717,0
2718,50
2719,50
2720,50
2721,50
2722,50
2723,50
2724,0
2725,0
2726,0
2727,0
2728,0
2729,0
2730,0
2731,0
2732,50
2733,0
2734,0
2735,0
2736,50
2737,50
2738,50
2739,50
2740,50
2741,50
2742,50
2743,150
2744,50
2745,50
2746,150
2747,150
2748,150
2749,150
2750,150
2751,150
2752,150
2753,150
2754,150
2755,50
2756,50
2757,50
2758,50
2759,50
2760,50
2761,50
2762,50
2763,50
2764,50
2765,50
2766,50
2767,50
2768,50
2769,150
2770,150
2771,50
2772,50
2773,50
2774,50
2775,50
2776,50
2777,50
2778,150
2779,150
2780,150
2781,150
2782,150
2783,150
2784,50
2785,50
2786,50
2787,50
2788,50
2789,50
2790,50
2791,0
2792,50
2793,50
2794,50
2795,50
2796,50
2797,50
2798,150
2799,150
2800,50
2801,50
2802,50
2803,50
2804,50
2805,150
2806,150
2807,0
2808,0
2809,0
2810,0
2811,50
2812,50
2813,50
2814,50
2815,50
2816,50
2817,50
2818,50
2819,50
2820,0
2821,0
2822,0
2823,0
2824,50
2825,50
2826,50
2827,50
2828,50
2829,50
2830,0
2831,0
2832,0
2833,0
2834,0
2835,0
2836,0
2837,50
2838,50
2839,50
2840,50
2841,50
2842,50
2843,50
2844,50
2845,50
2846,50
2847,50
2848,50
2849,50
2850,50
2851,50
2852,50
2853,50
2854,150
2855,150
2856,150
2857,150
2858,150
2859,150
2860,150
2861,150
2862,150
2863,150
2864,50
2865,50
2866,50
2867,50
2868,50
2869,50
2870,50
2871,50
2872,50
2873,50
2874,50
2875,150
2876,50
2877,50
2878,50
2879,50
2880,50
2881,150
2882,50
2883,50
2884,50
2885,150
2886,150
2887,150
2888,150
2889,150
2890,150
2891,50
2892,50
2893,50
2894,50
2895,50
2896,0
2897,50
2898,50
2899,50
2900,0
2901,150
2902,150
2903,150
2904,150
2905,150
2906,50
2907,150
2908,150
2909,150
2910,150
2911,50
2912,50
2913,50
2914,150
2915,50
2916,0
2917,0
2918,0
2919,50
2920,50
2921,50
2922,50
2923,50
2924,50
2925,50
2926,50
2927,50
2928,0
2929,0
2930,0
2931,0
2932,50
2933,50
2934,50
2935,50
2936,50
2937,50
2938,50
2939,50
2940,50
2941,0
2942,0
2943,0
2944,0
2945,0
2946,0
2947,0
2948,50
2949,50
2950,50
2951,50
2952,50
2953,50
2954,50
2955,50
2956,50
2957,50
2958,50
2959,50
2960,50
2961,50
2962,150
2963,50
2964,50
2965,50
2966,150
2967,150
2968,150
2969,150
2970,150
2971,150
2972,150
2973,150
2974,50
2975,50
2976,50
2977,50
2978,50
2979,50
2980,50
2981,50
2982,50
2983,50
2984,50
2985,50
2986,150
2987,150
2988,150
2989,50
2990,150
2991,50
2992,50
2993,150
2994,150
2995,150
2996,150
2997,150
2998,150
2999,150
3000,150
3001,150
3002,150
3003,50
3004,50
3005,50
3006,50
3007,50
3008,50
3009,50
3010,50
3011,50
3012,50
3013,50
3014,0
3015,150
3016,150
3017,150
3018,150
3019,150
3020,150
3021,150
3022,150
3023,50
3024,150
3025,150
3026,0
3027,0
3028,0
3029,0
3030,50
3031,50
3032,50
3033,50
3034,50
3035,50
3036,50
3037,50
3038,50
3039,50
3040,50
3041,0
3042,0
3043,0
3044,50
3045,50
3046,50
3047,50
3048,50
3049,50
3050,50
3051,50
3052,50
3053,50
3054,0
3055,0
3056,0
3057,0
3058,0
3059,0
3060,50
3061,50
3062,50
3063,50
3064,50
3065,50
3066,50
3067,50
3068,50
3069,50
3070,150
3071,150
3072,150
3073,50
3074,150
3075,50
3076,50
3077,50
3078,50
3079,150
3080,150
3081,150
3082,150
3083,150
3084,150
3085,150
3086,150
3087,50
3088,150
3089,50
3090,50
3091,50
3092,50
3093,50
3094,50
3095,150
3096,150
3097,150
3098,150
3099,150
3100,150
3101,150
3102,150
3103,150
3104,150
3105,150
3106,150
3107,150
3108,150
3109,50
3110,50
3111,50
3112,50
3113,50
3114,150
3115,150
3116,50
3117,50
3118,50
3119,50
3120,50
3121,50
3122,150
3123,150
3124,150
3125,150
3126,150
3127,150
3128,150
3129,150
3130,150
3131,50
3132,150
3133,150
3134,0
3135,0
3136,50
3137,0
3138,50
3139,50
3140,50
3141,50
3142,50
3143,50
3144,50
3145,50
3146,50
3147,50
3148,50
3149,150
3150,150
3151,50
3152,0
3153,0
3154,0
3155,0
3156,0
3157,50
3158,0
3159,50
3160,50
3161,50
3162,50
3163,50
3164,150
3165,0
3166,0
3167,0
3168,0
3169,0
3170,0
3171,50
3172,50
3173,0
3174,50
3175,50
3176,50
3177,50
3178,50
3179,50
3180,50
3181,150
3182,150
3183,150
3184,150
3185,150
3186,50
3187,150
3188,150
3189,50
3190,150
3191,150
3192,150
3193,150
3194,50
3195,50
3196,150
3197,50
3198,50
3199,50
3200,50
3201,50
3202,50
3203,150
3204,150
3205,150
3206,150
3207,150
3208,150
3209,150
3210,150
3211,150
3212,150
3213,150
3214,50
3215,50
3216,50
3217,50
3218,50
3219,150
3220,50
3221,50
3222,150
3223,150
3224,150
3225,50
3226,50
3227,150
3228,50
3229,50
3230,150
3231,150
3232,150
3233,150
3234,150
3235,150
3236,150
3237,150
3238,150
3239,150
3240,150
3241,0
3242,50
3243,50
3244,50
3245,50
3246,50
3247,50
3248,50
3249,50
3250,50
3251,50
3252,50
3253,50
3254,150
3255,150
3256,150
3257,150
3258,150
3259,0
3260,0
3261,0
3262,0
3263,50
3264,0
3265,50
3266,50
3267,50
3268,50
3269,50
3270,150
3271,150
3272,150
3273,150
3274,0
3275,0
3276,0
3277,0
3278,0
3279,0
3280,50
3281,50
3282,50
3283,50
3284,50
3285,150
3286,150
3287,150
3288,50
3289,150
3290,150
3291,150
3292,150
3293,150
3294,150
3295,150
3296,150
3297,150
3298,150
3299,150
3300,150
3301,150
3302,150
3303,150
3304,150
3305,150
3306,50
3307,50
3308,50
3309,50
3310,150
3311,150
3312,150
3313,150
3314,150
3315,150
3316,150
3317,150
3318,150
3319,150
3320,50
3321,50
3322,50
3323,50
3324,50
3325,50
3326,50
3327,50
3328,50
3329,50
3330,50
3331,50
3332,50
3333,150
3334,150
3335,50
3336,150
3337,50
3338,150
3339,50
3340,50
3341,150
3342,150
3343,150
3344,150
3345,150
3346,150
3347,150
3348,50
3349,150
3350,150
3351,150
3352,150
3353,150
3354,0
3355,50
3356,50
3357,0
3358,50
3359,50
3360,50
3361,50
3362,150
3363,150
3364,150
3365,150
3366,150
3367,150
3368,0
3369,0
3370,50
3371,50
3372,50
3373,50
3374,50
3375,50
3376,150
3377,150
3378,0
3379,0
3380,0
3381,0
3382,0
3383,0
3384,50
3385,50
3386,50
3387,150
3388,150
3389,150
3390,150
3391,150
3392,150
3393,150
3394,150
3395,150
3396,150
3397,150
3398,150
3399,150
3400,150
3401,150
3402,150
3403,50
3404,50
3405,50
3406,50
3407,150
3408,150
3409,150
3410,150
3411,150
3412,150
3413,150
3414,50
3415,150
3416,150
3417,150
3418,150
3419,50
3420,50
3421,50
3422,50
3423,50
3424,50
3425,50
3426,50
3427,50
3428,50
3429,50
3430,50
3431,50
3432,50
3433,50
3434,50
3435,50
3436,150
3437,150
3438,150
3439,150
3440,150
3441,150
3442,50
3443,50
3444,50
3445,50
3446,50
3447,50
3448,50
3449,150
3450,50
3451,50
3452,150
3453,150
3454,150
3455,50
3456,50
3457,150
3458,150
3459,0
3460,50
3461,50
3462,50
3463,50
3464,150
3465,50
3466,150
3467,150
3468,0
3469,0
3470,50
3471,50
3472,50
3473,150
3474,50
3475,50
3476,0
3477,150
3478,0
3479,0
3480,0
3481,0
3482,50
3483,0
3484,0
3485,50
3486,50
3487,50
3488,50
3489,150
3490,150
3491,150
3492,150
3493,150
3494,150
3495,150
3496,150
3497,150
3498,150
3499,150
3500,150
3501,150
3502,150
3503,150
3504,150
3505,50
3506,150
3507,150
3508,150
3509,150
3510,150
3511,150
3512,150
3513,50
3514,50
3515,50
3516,150
3517,150
3518,50
3519,50
3520,50
3521,50
3522,50
3523,50
3524,50
3525,50
3526,50
3527,50
3528,50
3529,50
3530,50
3531,50
3532,50
3533,50
3534,50
3535,50
3536,50
3537,50
3538,50
3539,50
3540,50
3541,150
3542,50
3543,50
3544,150
3545,50
3546,0
3547,50
3548,50
3549,50
3550,50
3551,50
3552,50
3553,50
3554,50
3555,50
3556,50
3557,50
3558,50
3559,50
3560,50
3561,50
3562,50
3563,50
3564,150
3565,150
3566,150
3567,0
3568,50
3569,50
3570,50
3571,50
3572,50
3573,0
3574,50
3575,50
3576,150
3577,150
3578,0
3579,0
3580,0
3581,0
3582,50
3583,0
3584,0
3585,0
3586,0
3587,50
3588,50
3589,50
3590,50
3591,150
3592,150
3593,50
3594,50
3595,50
3596,150
3597,150
3598,150
3599,150
3600,150
3601,150
3602,150
3603,150
3604,150
3605,150
3606,150
3607,150
3608,150
3609,150
3610,150
3611,150
3612,150
3613,150
3614,150
3615,150
3616,150
3617,50
3618,50
3619,50
3620,150
3621,150
3622,50
3623,150
3624,50
3625,50
3626,50
3627,50
3628,50
3629,50
3630,50
3631,50
3632,50
3633,50
3634,50
3635,50
3636,50
3637,50
3638,50
3639,50
3640,50
3641,50
3642,50
3643,50
3644,50
3645,50
3646,50
3647,50
3648,50
3649,0
3650,0
3651,50
3652,50
3653,50
3654,50
3655,50
3656,50
3657,50
3658,50
3659,50
3660,50
3661,50
3662,150
3663,150
3664,50
3665,50
3666,0
3667,50
3668,50
3669,50
3670,0
3671,50
3672,50
3673,50
3674,50
3675,50
3676,150
3677,150
3678,0
3679,0
3680,50
3681,0
3682,0
3683,0
3684,0
3685,50
3686,50
3687,50
3688,50
3689,50
3690,50
3691,50
3692,50
3693,150
3694,150
3695,150
3696,150
3697,150
3698,150
3699,150
3700,150
3701,150
3702,150
3703,150
3704,50
3705,50
3706,50
3707,150
3708,150
3709,50
3710,150
3711,50
3712,50
3713,50
3714,50
3715,50
3716,50
3717,50
3718,50
3719,50
3720,50
3721,50
3722,50
3723,50
3724,50
3725,50
3726,50
3727,50
3728,50
3729,50
3730,50
3731,50
3732,0
3733,50
3734,50
3735,50
3736,50
3737,50
3738,50
3739,50
3740,50
3741,50
3742,50
3743,50
3744,150
3745,150
3746,50
3747,0
3748,0
3749,50
3750,0
3751,50
3752,50
3753,50
3754,50
3755,50
3756,50
3757,50
3758,50
3759,150
3760,150
3761,150
3762,0
3763,0
3764,0
3765,0
3766,0
3767,0
3768,0
3769,0
3770,50
3771,50
3772,50
3773,50
3774,50
3775,50
3776,50
3777,50
3778,50
3779,150
3780,150
3781,150
3782,150
3783,150
3784,50
3785,50
3786,50
3787,50
3788,150
3789,50
3790,150
3791,150
3792,150
3793,150
3794,150
3795,150
3796,50
3797,50
3798,50
3799,50
3800,50
3801,50
3802,50
3803,50
3804,50
3805,50
3806,50
3807,50
3808,50
3809,50
3810,50
3811,50
3812,50
3813,50
3814,50
3815,50
3816,50
3817,50
3818,50
3819,0
3820,50
3821,50
3822,150
3823,50
3824,50
3825,50
3826,50
3827,50
3828,150
3829,150
3830,0
3831,0
3832,0
3833,50
3834,50
3835,50
3836,50
3837,50
3838,50
3839,50
3840,50
3841,50
3842,50
3843,150
3844,50
3845,150
3846,150
3847,50
3848,0
3849,50
3850,50
3851,50
3852,50
3853,50
3854,50
3855,50
3856,50
3857,50
3858,50
3859,50
3860,50
3861,50
3862,50
3863,50
3864,50
3865,50
3866,150
3867,150
3868,150
3869,150
3870,150
3871,50
3872,50
3873,50
3874,50
3875,50
3876,150
3877,150
3878,150
3879,150
3880,150
3881,150
3882,50
3883,50
3884,150
3885,150
3886,50
3887,50
3888,50
3889,50
3890,50
3891,50
3892,50
3893,50
3894,50
3895,50
3896,150
3897,50
3898,50
3899,50
3900,50
3901,50
3902,150
3903,150
3904,150
3905,50
3906,50
3907,50
3908,50
3909,50
3910,0
3911,50
3912,50
3913,50
3914,50
3915,50
3916,50
3917,50
3918,50
3919,50
3920,50
3921,50
3922,50
3923,150
3924,150
3925,50
3926,50
3927,50
3928,50
3929,50
3930,50
3931,50
3932,50
3933,0
3934,0
3935,50
3936,50
3937,50
3938,50
3939,50
3940,150
3941,150
3942,50
3943,50
3944,150
3945,150
3946,150
3947,50
3948,50
3949,50
3950,50
3951,150
3952,150
3953,150
3954,150
3955,150
3956,150
3957,150
3958,150
3959,50
3960,150
3961,50
3962,50
3963,150
3964,150
3965,50
3966,50
3967,50
3968,50
3969,50
3970,50
3971,50
3972,150
3973,150
3974,50
3975,50
3976,150
3977,50
3978,50
3979,50
3980,50
3981,50
3982,50
3983,50
3984,50
3985,50
3986,50
3987,50
3988,50
3989,50
3990,50
3991,50
3992,50
3993,50
3994,50
3995,50
3996,150
3997,150
3998,50
3999,50
4000,50
4001,50
4002,50
4003,0
4004,50
4005,50
4006,50
4007,50
4008,50
4009,50
4010,50
4011,50
4012,50
4013,50
4014,50
4015,150
4016,150
4017,150
4018,150
4019,150
4020,150
4021,150
4022,50
4023,50
4024,150
4025,50
4026,150
4027,150
4028,150
4029,50
4030,50
4031,50
4032,50
4033,150
4034,50
4035,50
4036,50
4037,150
4038,150
4039,150
4040,150
4041,150
4042,150
4043,150
4044,50
4045,150
4046,150
4047,150
4048,150
4049,50
4050,50
4051,50
4052,150
4053,50
4054,50
4055,50
4056,50
4057,50
4058,50
4059,50
4060,50
4061,50
4062,50
4063,50
4064,50
4065,50
4066,50
4067,150
4068,150
4069,50
4070,50
4071,50
4072,50
4073,0
4074,0
4075,50
4076,0
4077,50
4078,50
4079,50
4080,50
4081,50
4082,50
4083,50
4084,50
4085,50
4086,50
4087,50
4088,150
4089,150
4090,150
4091,150
4092,50
4093,50
4094,50
4095,150
4096,50
4097,50
4098,50
4099,50
4100,50
4101,50
4102,50
4103,150
4104,150
4105,50
4106,150
4107,50
4108,50
4109,150
4110,150
4111,150
4112,150
4113,150
4114,150
4115,150
4116,150
4117,150
4118,150
4119,150
4120,150
4121,150
4122,50
4123,50
4124,50
4125,50
4126,50
4127,150
4128,150
4129,150
4130,50
4131,150
4132,50
4133,50
4134,50
4135,50
4136,50
4137,150
4138,150
4139,50
4140,50
4141,50
4142,150
4143,0
4144,0
4145,0
4146,50
4147,50
4148,50
4149,50
4150,50
4151,50
4152,50
4153,50
4154,50
4155,50
4156,50
4157,150
4158,150
4159,50
4160,50
4161,50
4162,150
4163,50
4164,50
4165,50
4166,50
4167,50
4168,50
4169,50
4170,50
4171,50
4172,50
4173,150
4174,150
4175,150
4176,150
4177,150
4178,150
4179,50
4180,50
4181,150
4182,50
4183,50
4184,50
4185,50
4186,50
4187,150
4188,150
4189,50
4190,150
4191,50
4192,50
4193,50
4194,50
4195,50
4196,50
4197,50
4198,150
4199,50
4200,50
4201,50
4202,50
4203,0
4204,50
4205,0
4206,50
4207,50
4208,50
4209,50
4210,50
4211,50
4212,50
4213,50
4214,50
4215,50
4216,150
4217,150
4218,50
4219,50
4220,50
4221,50
4222,150
4223,50
4224,50
4225,50
4226,50
4227,50
4228,50
4229,50
4230,50
4231,50
4232,50
4233,50
4234,150
4235,150
4236,150
4237,150
4238,50
4239,50
4240,50
4241,50
4242,50
4243,50
4244,50
4245,150
4246,150
4247,50
4248,50
4249,50
4250,50
4251,50
4252,50
4253,50
4254,50
4255,50
4256,50
4257,50
4258,150
4259,50
4260,50
4261,50
4262,50
4263,0
4264,50
4265,0
4266,0
4267,50
4268,50
4269,50
4270,50
4271,50
4272,50
4273,50
4274,50
4275,50
4276,50
4277,150
4278,150
4279,50
4280,50
4281,50
4282,150
4283,50
4284,50
4285,150
4286,50
4287,150
4288,150
4289,50
4290,50
4291,150
4292,150
4293,150
4294,50
4295,50
4296,150
4297,150
4298,50
4299,150
4300,50
4301,50
4302,50
4303,50
4304,50
4305,50
4306,50
4307,50
4308,50
4309,50
4310,150
4311,150
4312,150
4313,50
4314,50
4315,150
4316,150
4317,50
4318,50
4319,50
4320,50
4321,50
4322,50
4323,150
4324,50
4325,50
4326,50
4327,50
4328,50
4329,50
4330,0
4331,0
4332,50
4333,50
4334,50
4335,50
4336,50
4337,50
4338,50
4339,50
4340,50
4341,50
4342,50
4343,50
4344,150
4345,50
4346,50
4347,150
4348,50
4349,50
4350,150
4351,150
4352,150
4353,150
4354,150
4355,150
4356,150
4357,150
4358,50
4359,150
4360,150
4361,50
4362,150
4363,150
4364,50
4365,50
4366,50
4367,150
4368,50
4369,50
4370,50
4371,50
4372,50
4373,50
4374,50
4375,50
4376,50
4377,50
4378,50
4379,50
4380,150
4381,150
4382,150
4383,150
4384,150
4385,150
4386,150
4387,150
4388,150
4389,150
4390,150
4391,50
4392,50
4393,50
4394,150
4395,50
4396,50
4397,50
4398,50
4399,50
4400,50
4401,50
4402,50
4403,50
4404,50
4405,50
4406,50
4407,0
4408,50
4409,50
4410,50
4411,50
4412,50
4413,50
4414,50
4415,150
4416,150
4417,150
4418,150
4419,150
4420,150
4421,150
4422,150
4423,150
4424,50
4425,150
4426,150
4427,150
4428,150
4429,150
4430,50
4431,150
4432,50
4433,50
4434,50
4435,50
4436,50
4437,50
4438,50
4439,50
4440,50
4441,150
4442,50
4443,50
4444,50
4445,150
4446,150
4447,150
4448,150
4449,150
4450,150
4451,150
4452,150
4453,150
4454,50
4455,150
4456,150
4457,50
4458,50
4459,50
4460,50
4461,50
4462,50
4463,150
4464,50
4465,50
4466,50
4467,50
4468,50
4469,0
4470,50
4471,50
4472,50
4473,50
4474,50
4475,50
4476,50
4477,50
4478,150
4479,150
4480,150
4481,150
4482,150
4483,150
4484,150
4485,150
4486,150
4487,150
4488,150
4489,150
4490,150
4491,150
4492,150
4493,150
4494,150
4495,150
4496,50
4497,50
4498,50
4499,50
4500,50
4501,50
4502,50
4503,50
4504,50
4505,50
4506,50
4507,50
4508,50
4509,50
4510,50
4511,150
4512,150
4513,150
4514,150
4515,150
4516,150
4517,150
4518,150
4519,150
4520,150
4521,150
4522,50
4523,150
4524,150
4525,50
4526,50
4527,50
4528,50
4529,150
4530,150
4531,150
4532,50
4533,50
4534,150
4535,150
4536,50
4537,50
4538,50
4539,50
4540,50
4541,50
4542,50
4543,50
4544,50
4545,50
4546,50
4547,50
4548,50
4549,50
4550,50
4551,50
4552,150
4553,50
4554,150
4555,150
4556,150
4557,150
4558,150
4559,150
4560,150
4561,150
4562,150
4563,150
4564,150
4565,150
4566,150
4567,150
4568,150
4569,150
4570,150
4571,150
4572,150
4573,150
4574,50
4575,150
4576,50
4577,50
4578,50
4579,50
4580,50
4581,50
4582,50
4583,50
4584,50
4585,50
4586,50
4587,150
4588,50
4589,150
4590,150
4591,150
4592,50
4593,150
4594,150
4595,150
4596,150
4597,50
4598,50
4599,150
4600,150
4601,50
4602,50
4603,50
4604,50
4605,150
4606,150
4607,50
4608,50
4609,50
4610,50
4611,50
4612,50
4613,50
4614,50
4615,50
4616,50
4617,50
4618,50
4619,50
4620,50
4621,50
4622,50
4623,50
4624,150
4625,150
4626,50
4627,150
4628,150
4629,150
4630,150
4631,150
4632,150
4633,150
4634,150
4635,150
4636,150
4637,150
4638,150
4639,150
4640,150
4641,150
4642,150
4643,150
4644,50
4645,50
4646,50
4647,50
4648,150
4649,150
4650,150
4651,150
4652,50
4653,50
4654,50
4655,50
4656,150
4657,50
4658,50
4659,150
4660,150
4661,150
4662,50
4663,50
4664,50
4665,50
4666,50
4667,50
4668,50
4669,150
4670,150
4671,150
4672,50
4673,50
4674,50
4675,50
4676,50
4677,150
4678,50
4679,50
4680,50
4681,50
4682,50
4683,50
4684,50
4685,50
4686,50
4687,50
4688,50
4689,50
4690,50
4691,50
4692,150
4693,150
4694,50
4695,50
4696,50
4697,50
4698,150
4699,150
4700,150
4701,150
4702,150
4703,150
4704,150
4705,150
4706,150
4707,150
4708,50
4709,50
4710,50
4711,50
4712,50
4713,150
4714,150
4715,150
4716,150
4717,50
4718,50
4719,50
4720,50
4721,50
4722,150
4723,50
4724,50
4725,50
4726,150
4727,150
4728,50
4729,50
4730,50
4731,50
4732,50
4733,50
4734,50
4735,150
4736,150
4737,150
4738,150
4739,50
4740,150
4741,50
4742,50
4743,150
4744,150
4745,50
4746,50
4747,150
4748,150
4749,50
4750,50
4751,50
4752,50
4753,50
4754,50
4755,50
4756,50
4757,50
4758,50
4759,50
4760,50
4761,150
4762,50
4763,50
4764,50
4765,50
4766,50
4767,150
4768,150
4769,150
4770,150
4771,150
4772,150
4773,150
4774,50
4775,50
4776,50
4777,50
4778,50
4779,150
4780,150
4781,150
4782,50
4783,50
4784,50
4785,150
4786,150
4787,150
4788,50
4789,150
4790,150
4791,150
4792,50
4793,50
4794,50
4795,150
4796,50
4797,50
4798,150
4799,150
4800,150
4801,50
4802,50
4803,150
4804,50
4805,150
4806,50
4807,50
4808,150
4809,150
4810,150
4811,150
4812,50
4813,50
4814,50
4815,50
4816,50
4817,50
4818,50
4819,50
4820,50
4821,50
4822,50
4823,50
4824,50
4825,50
4826,50
4827,50
4828,50
4829,150
4830,50
4831,50
4832,50
4833,150
4834,150
4835,50
4836,50
4837,150
4838,150
4839,150
4840,150
4841,150
4842,150
4843,150
4844,150
4845,50
4846,150
4847,150
4848,150
4849,50
4850,50
4851,150
4852,150
4853,150
4854,150
4855,150
4856,150
4857,150
4858,150
4859,150
4860,50
4861,50
4862,50
4863,150
4864,150
4865,150
4866,150
4867,150
4868,50
4869,50
4870,50
4871,50
4872,150
4873,150
4874,50
4875,150
4876,150
4877,150
4878,50
4879,50
4880,150
4881,50
4882,50
4883,50
4884,50
4885,50
4886,50
4887,50
4888,50
4889,50
4890,150
4891,150
4892,150
4893,150
4894,50
4895,150
4896,50
4897,50
4898,150
4899,150
4900,150
4901,150
4902,150
4903,150
4904,150
4905,150
4906,150
4907,50
4908,150
4909,150
4910,150
4911,150
4912,150
4913,150
4914,150
4915,150
4916,150
4917,150
4918,150
4919,150
4920,150
4921,150
4922,150
4923,150
4924,150
4925,150
4926,150
4927,150
4928,150
4929,150
4930,150
4931,50
4932,50
4933,50
4934,50
4935,50
4936,150
4937,150
4938,150
4939,50
4940,150
4941,50
4942,50
4943,50
4944,50
4945,50
4946,50
4947,50
4948,50
4949,150
4950,150
4951,150
4952,150
4953,150
4954,50
4955,150
4956,150
4957,50
4958,50
4959,150
4960,150
4961,150
4962,150
4963,150
4964,150
4965,150
4966,150
4967,150
4968,150
4969,150
4970,150
4971,150
4972,150
4973,150
4974,150
4975,150
4976,150
4977,150
4978,150
4979,150
4980,150
4981,50
4982,50
4983,150
4984,50
4985,150
4986,150
4987,150
4988,50
4989,50
4990,50
4991,50
4992,150
4993,50
4994,50
4995,50
4996,50
4997,150
4998,50
4999,150
5000,50
5001,150
5002,150
5003,150
5004,150
5005,150
5006,150
5007,150
5008,150
5009,150
5010,150
5011,150
5012,150
5013,150
5014,150
5015,150
5016,150
5017,150
5018,150
5019,150
5020,150
5021,150
5022,150
5023,150
5024,50
5025,50
5026,150
5027,150
5028,50
5029,150
5030,50
5031,50
5032,50
5033,50
5034,50
5035,150
5036,50
5037,150
5038,150
5039,150
5040,150
5041,150
5042,150
5043,150
5044,150
5045,150
5046,150
5047,150
5048,150
5049,150
5050,150
5051,150
5052,150
5053,150
5054,50
5055,50
5056,50
5057,150
5058,150
5059,150
5060,150
5061,50
5062,50
5063,50
5064,50
5065,50
5066,50
5067,50
5068,150
5069,150
5070,150
5071,150
5072,150
5073,150
5074,150
5075,50
5076,150
5077,150
5078,150
5079,50
5080,150
5081,150
5082,150
5083,150
5084,50
5085,150
5086,50
5087,50
5088,150
5089,50
5090,150
5091,150
5092,50
5093,50
5094,50
5095,50
5096,50
5097,50
5098,50
5099,50
5100,50
5101,150
5102,150
5103,50
5104,150
5105,150
5106,150
5107,50
5108,50
5109,50
5110,50
5111,50
5112,150
5113,150
5114,150
5115,150
5116,150
5117,150
5118,50
5119,150
5120,150
5121,50
5122,50
5123,50
5124,50
5125,50
5126,50
5127,50
5128,50
5129,50
5130,50
5131,50
5132,50
5133,150
5134,150
5135,150
5136,150
5137,150
5138,50
5139,50
5140,50
5141,150
5142,50
5143,150
5144,150
5145,150
5146,150
5147,150
5148,150
5149,150
5150,50
5151,50
5152,50
5153,50
5154,50
5155,50
5156,50
5157,50
5158,50
5159,50
5160,50
5161,50
5162,50
5163,50
5164,150
5165,150
5166,150
5167,150
5168,150
5169,150
5170,50
5171,150
5172,50
5173,150
5174,150
5175,50
5176,150
5177,150
5178,150
5179,150
5180,150
5181,150
5182,50
5183,50
5184,50
5185,50
5186,50
5187,50
5188,50
5189,50
5190,50
5191,50
5192,50
5193,50
5194,50
5195,50
5196,50
5197,50
5198,150
5199,150
5200,150
5201,150
5202,150
5203,150
5204,150
5205,150
5206,50
5207,150
5208,150
5209,150
5210,150
5211,150
5212,150
5213,50
5214,50
5215,50
5216,50
5217,50
5218,50
5219,50
5220,50
5221,50
5222,150
5223,150
5224,50
5225,50
5226,50
5227,50
5228,50
5229,50
5230,50
5231,150
5232,150
5233,150
5234,50
5235,150
5236,150
5237,150
5238,150
5239,150
5240,150
5241,150
5242,150
5243,150
5244,50
5245,50
5246,150
5247,150
5248,50
5249,50
5250,50
5251,50
5252,50
5253,150
5254,150
5255,50
5256,50
5257,50
5258,50
5259,50
5260,50
5261,150
5262,50
5263,50
5264,150
5265,150
5266,150
5267,150
5268,150
5269,150
5270,150
5271,150
5272,150
5273,150
5274,150
5275,150
5276,150
5277,150
5278,50
5279,50
5280,50
5281,150
5282,150
5283,150
5284,150
5285,50
5286,50
5287,50
5288,50
5289,150
5290,150
5291,50
5292,50
5293,50
5294,150
5295,150
5296,50
5297,150
5298,150
5299,150
5300,50
5301,50
5302,50
5303,150
5304,150
5305,150
5306,150
5307,150
5308,150
5309,150
5310,150
5311,150
5312,150
5313,150
5314,150
5315,150
5316,150
5317,150
5318,150
5319,150
5320,50
5321,50
5322,50
5323,150
5324,150
5325,150
5326,150
5327,150
5328,150
5329,150
5330,150
5331,150
5332,150
5333,50
5334,150
5335,150
5336,150
5337,150
5338,150
5339,150
5340,50
5341,50
5342,150
5343,50
5344,150
5345,150
5346,150
5347,150
5348,150
5349,150
5350,150
5351,150
5352,50
5353,50
5354,50
5355,50
5356,50
5357,150
5358,150
5359,150
5360,150
5361,150
5362,150
5363,150
5364,150
5365,150
5366,150
5367,150
5368,50
5369,150
5370,150
5371,50
5372,50
5373,150
5374,150
5375,150
5376,150
5377,150
5378,150
5379,150
5380,150
5381,150
5382,150
5383,150
5384,150
5385,150
5386,50
5387,150
5388,150
5389,150
5390,150
5391,150
5392,150
5393,150
5394,50
5395,50
5396,150
5397,50
5398,150
5399,150
5400,150
5401,150
5402,150
5403,150
5404,150
5405,150
5406,150
5407,150
5408,150
5409,50
5410,50
5411,150
5412,150
5413,150
5414,50
5415,150
5416,150
5417,150
5418,150
5419,150
5420,150
5421,150
5422,150
5423,150
5424,150
5425,150
5426,150
5427,150
5428,150
5429,150
5430,150
5431,150
5432,150
5433,150
5434,150
5435,150
5436,150
5437,150
5438,50
5439,150
5440,150
5441,150
5442,150
5443,50
5444,50
5445,150
5446,150
5447,150
5448,150
5449,150
5450,150
5451,150
5452,150
5453,150
5454,150
5455,150
5456,150
5457,150
5458,50
5459,150
5460,150
5461,150
5462,150
5463,150
5464,150
5465,150
5466,50
5467,150
5468,150
5469,150
5470,150
5471,150
5472,150
5473,150
5474,150
5475,150
5476,150
5477,150
5478,150
5479,150
5480,150
5481,150
5482,150
5483,150
5484,150
5485,150
5486,150
5487,150
5488,150
5489,150
5490,150
5491,150
5492,150
5493,150
5494,150
5495,150
5496,150
5497,150
5498,150
5499,150
5500,150
5501,150
5502,150
5503,150
5504,150
5505,150
5506,150
5507,150
5508,150
5509,150
5510,150
5511,150
5512,150
5513,150
5514,150
5515,150
5516,150
5517,150
5518,150
5519,150
5520,150
5521,150
5522,150
5523,150
5524,150
5525,150
5526,150
5527,150
5528,150
5529,150
5530,150
5531,150
5532,150
5533,150
5534,150
5535,150
5536,150
5537,150
5538,150
5539,150
5540,150
5541,150
5542,50
5543,150
5544,150
5545,150
5546,150
5547,150
5548,150
5549,150
5550,50
5551,50
5552,150
5553,150
5554,150
5555,150
5556,150
5557,150
5558,150
5559,150
5560,150
5561,150
5562,150
5563,150
5564,150
5565,150
5566,150
5567,150
5568,150
5569,150
5570,150
5571,50
5572,150
5573,150
5574,150
5575,50
5576,150
5577,150
5578,150
5579,150
5580,150
5581,150
5582,150
5583,150
5584,150
5585,150
5586,150
5587,150
5588,150
5589,50
5590,150
5591,50
5592,150
5593,150
5594,150
5595,150
5596,150
5597,150
5598,150
5599,150
5600,150
5601,150
5602,150
5603,150
5604,150
5605,150
5606,150
5607,150
5608,150
5609,150
5610,50
5611,150
5612,150
5613,150
5614,150
5615,150
5616,150
5617,150
5618,150
5619,150
5620,150
5621,150
5622,150
5623,150
5624,150
5625,150
5626,150
5627,150
5628,150
5629,150
5630,150
5631,150
5632,150
5633,150
5634,150
5635,150
5636,150
5637,150
5638,150
5639,150
5640,150
5641,150
5642,150
5643,150
5644,150
5645,150
5646,150
5647,150
5648,150
5649,150
5650,150
5651,150
5652,150
5653,150
5654,150
5655,150
5656,150
5657,150
5658,150
5659,150
5660,150
5661,150
5662,150
5663,150
5664,150
5665,150
5666,150
